mode,window,layer,layer_name,lag,n,segment_count,segment_lengths,segment_boundaries,r,pearson_p,pearson_p_status,bootstrap_p,bootstrap_ci,holm_p,inferential_eligible,support_status,ess,ess_status,paired_capex_range,paired_revenue_range
raw_full,full,chip_design,晶片設計,0,29,1,[29],"[{""end_capex_quarter"":""2026Q1"",""end_revenue_quarter"":""2026Q1"",""start_capex_quarter"":""2019Q1"",""start_revenue_quarter"":""2019Q1""}]",0.5004940398589851,0.00569027028954198,ok,0.05595,"[0.17547498923091723,0.907867747463266]",1.0,False,ineligible,9.78861027048618,ok,2019Q1..2026Q1,2019Q1..2026Q1
raw_full,full,chip_design,晶片設計,1,28,1,[28],"[{""end_capex_quarter"":""2025Q4"",""end_revenue_quarter"":""2026Q1"",""start_capex_quarter"":""2019Q1"",""start_revenue_quarter"":""2019Q2""}]",0.26244450408972275,0.17727232670500823,ok,0.36926,"[-0.1896122627040809,0.8864881960267813]",1.0,False,ineligible,9.420624196593765,ok,2019Q1..2025Q4,2019Q2..2026Q1
raw_full,full,chip_design,晶片設計,2,27,1,[27],"[{""end_capex_quarter"":""2025Q3"",""end_revenue_quarter"":""2026Q1"",""start_capex_quarter"":""2019Q1"",""start_revenue_quarter"":""2019Q3""}]",0.05078057537195612,0.801396638153459,ok,0.8657,"[-0.48038029036457824,0.8691295609290456]",1.0,False,ineligible,9.141883675604241,ok,2019Q1..2025Q3,2019Q3..2026Q1
raw_full,full,chip_design,晶片設計,3,26,1,[26],"[{""end_capex_quarter"":""2025Q2"",""end_revenue_quarter"":""2026Q1"",""start_capex_quarter"":""2019Q1"",""start_revenue_quarter"":""2019Q4""}]",-0.11238580928484847,0.5846463181367523,ok,0.71495,"[-0.6417314639930304,0.7306024500955796]",1.0,False,ineligible,8.756395282606025,ok,2019Q1..2025Q2,2019Q4..2026Q1
raw_full,full,chip_design,晶片設計,4,25,1,[25],"[{""end_capex_quarter"":""2025Q1"",""end_revenue_quarter"":""2026Q1"",""start_capex_quarter"":""2019Q1"",""start_revenue_quarter"":""2020Q1""}]",-0.15935435262617834,0.4467396033285958,ok,0.59768,"[-0.6613717968556215,0.6575270061278934]",1.0,False,ineligible,8.479325766846141,ok,2019Q1..2025Q1,2020Q1..2026Q1
raw_full,full,chip_design,晶片設計,5,24,1,[24],"[{""end_capex_quarter"":""2024Q4"",""end_revenue_quarter"":""2026Q1"",""start_capex_quarter"":""2019Q1"",""start_revenue_quarter"":""2020Q2""}]",-0.15121247326272264,0.48061561246173257,ok,0.61347,"[-0.569817366803646,0.5369564045392279]",1.0,False,ineligible,8.44824177365054,ok,2019Q1..2024Q4,2020Q2..2026Q1
raw_full,full,chip_design,晶片設計,6,23,1,[23],"[{""end_capex_quarter"":""2024Q3"",""end_revenue_quarter"":""2026Q1"",""start_capex_quarter"":""2019Q1"",""start_revenue_quarter"":""2020Q3""}]",-0.1958066441341558,0.3705735236205081,ok,0.51153,"[-0.5584534160418149,0.38038803012180566]",1.0,False,ineligible,8.499307840695117,ok,2019Q1..2024Q3,2020Q3..2026Q1
raw_full,full,chip_design,晶片設計,7,22,1,[22],"[{""end_capex_quarter"":""2024Q2"",""end_revenue_quarter"":""2026Q1"",""start_capex_quarter"":""2019Q1"",""start_revenue_quarter"":""2020Q4""}]",-0.21853635140139602,0.3285336474307647,ok,0.46454,"[-0.6176537793218315,0.5750175639315626]",1.0,False,ineligible,8.644348361122335,ok,2019Q1..2024Q2,2020Q4..2026Q1
raw_full,full,chip_design,晶片設計,8,21,1,[21],"[{""end_capex_quarter"":""2024Q1"",""end_revenue_quarter"":""2026Q1"",""start_capex_quarter"":""2019Q1"",""start_revenue_quarter"":""2021Q1""}]",-0.2334822849270495,0.3083924064483281,ok,0.49354,"[-0.5800019238268388,0.7014138579186443]",1.0,False,ineligible,7.8185576382120265,ok,2019Q1..2024Q1,2021Q1..2026Q1
raw_full,full,foundry,晶圓代工/台積電對照,0,29,1,[29],"[{""end_capex_quarter"":""2026Q1"",""end_revenue_quarter"":""2026Q1"",""start_capex_quarter"":""2019Q1"",""start_revenue_quarter"":""2019Q1""}]",0.6457365609649207,0.00015486861846343426,ok,0.0044,"[0.2538396809847382,0.8972754552234244]",1.0,False,ineligible,14.118578992559849,ok,2019Q1..2026Q1,2019Q1..2026Q1
raw_full,full,foundry,晶圓代工/台積電對照,1,28,1,[28],"[{""end_capex_quarter"":""2025Q4"",""end_revenue_quarter"":""2026Q1"",""start_capex_quarter"":""2019Q1"",""start_revenue_quarter"":""2019Q2""}]",0.5642681668326252,0.0017619091361739596,ok,0.02064,"[0.04712279017677436,0.8062860284547717]",1.0,False,ineligible,11.997382894116225,ok,2019Q1..2025Q4,2019Q2..2026Q1
raw_full,full,foundry,晶圓代工/台積電對照,2,27,1,[27],"[{""end_capex_quarter"":""2025Q3"",""end_revenue_quarter"":""2026Q1"",""start_capex_quarter"":""2019Q1"",""start_revenue_quarter"":""2019Q3""}]",0.4646418626196961,0.014614877714952356,ok,0.07972,"[0.07150110310649473,0.6483343364126765]",1.0,False,ineligible,10.318036365152453,ok,2019Q1..2025Q3,2019Q3..2026Q1
raw_full,full,foundry,晶圓代工/台積電對照,3,26,1,[26],"[{""end_capex_quarter"":""2025Q2"",""end_revenue_quarter"":""2026Q1"",""start_capex_quarter"":""2019Q1"",""start_revenue_quarter"":""2019Q4""}]",0.3054571216387479,0.12914928734917103,ok,0.28276,"[0.03325248766144511,0.4679563963808233]",1.0,False,ineligible,8.998565218934976,ok,2019Q1..2025Q2,2019Q4..2026Q1
raw_full,full,foundry,晶圓代工/台積電對照,4,25,1,[25],"[{""end_capex_quarter"":""2025Q1"",""end_revenue_quarter"":""2026Q1"",""start_capex_quarter"":""2019Q1"",""start_revenue_quarter"":""2020Q1""}]",0.06627058720695468,0.7529628330535045,ok,0.82994,"[-0.2114233761773464,0.3098337013163127]",1.0,False,ineligible,7.733235809217993,ok,2019Q1..2025Q1,2020Q1..2026Q1
raw_full,full,foundry,晶圓代工/台積電對照,5,24,1,[24],"[{""end_capex_quarter"":""2024Q4"",""end_revenue_quarter"":""2026Q1"",""start_capex_quarter"":""2019Q1"",""start_revenue_quarter"":""2020Q2""}]",0.04504763718161845,0.8344388579842618,ok,0.88198,"[-0.2882765890559089,0.45271465395754396]",1.0,False,ineligible,7.380509045029335,ok,2019Q1..2024Q4,2020Q2..2026Q1
raw_full,full,foundry,晶圓代工/台積電對照,6,23,1,[23],"[{""end_capex_quarter"":""2024Q3"",""end_revenue_quarter"":""2026Q1"",""start_capex_quarter"":""2019Q1"",""start_revenue_quarter"":""2020Q3""}]",-0.015243103389583445,0.9449654517173985,ok,0.96177,"[-0.44765049670382406,0.4975766438094255]",1.0,False,ineligible,7.579894254478189,ok,2019Q1..2024Q3,2020Q3..2026Q1
raw_full,full,foundry,晶圓代工/台積電對照,7,22,1,[22],"[{""end_capex_quarter"":""2024Q2"",""end_revenue_quarter"":""2026Q1"",""start_capex_quarter"":""2019Q1"",""start_revenue_quarter"":""2020Q4""}]",-0.07979660316792117,0.7240918443394457,ok,0.78647,"[-0.5214583864138593,0.42188094041544105]",1.0,False,ineligible,8.389985139751909,ok,2019Q1..2024Q2,2020Q4..2026Q1
raw_full,full,foundry,晶圓代工/台積電對照,8,21,1,[21],"[{""end_capex_quarter"":""2024Q1"",""end_revenue_quarter"":""2026Q1"",""start_capex_quarter"":""2019Q1"",""start_revenue_quarter"":""2021Q1""}]",-0.19478838811366403,0.39748447600278175,ok,0.51554,"[-0.6095846841592638,0.4385334584055987]",1.0,False,ineligible,9.199601762340349,ok,2019Q1..2024Q1,2021Q1..2026Q1
raw_full,full,packaging,封測,0,27,1,[27],"[{""end_capex_quarter"":""2026Q1"",""end_revenue_quarter"":""2026Q1"",""start_capex_quarter"":""2019Q3"",""start_revenue_quarter"":""2019Q3""}]",0.38839462965303445,0.04527991380426905,ok,0.18544,"[-0.19044119141130877,0.7570957652700149]",1.0,False,ineligible,8.083538246874308,ok,2019Q3..2026Q1,2019Q3..2026Q1
raw_full,full,packaging,封測,1,27,1,[27],"[{""end_capex_quarter"":""2025Q4"",""end_revenue_quarter"":""2026Q1"",""start_capex_quarter"":""2019Q2"",""start_revenue_quarter"":""2019Q3""}]",0.47282112761455136,0.012751043262904002,ok,0.09445,"[-0.037662522240581565,0.8224989079491738]",1.0,False,ineligible,7.782645364136991,ok,2019Q2..2025Q4,2019Q3..2026Q1
raw_full,full,packaging,封測,2,27,1,[27],"[{""end_capex_quarter"":""2025Q3"",""end_revenue_quarter"":""2026Q1"",""start_capex_quarter"":""2019Q1"",""start_revenue_quarter"":""2019Q3""}]",0.3553573732417761,0.06890979586869929,ok,0.20972,"[-0.14705153653991773,0.6548153173587882]",1.0,False,ineligible,8.024706094458605,ok,2019Q1..2025Q3,2019Q3..2026Q1
raw_full,full,packaging,封測,3,26,1,[26],"[{""end_capex_quarter"":""2025Q2"",""end_revenue_quarter"":""2026Q1"",""start_capex_quarter"":""2019Q1"",""start_revenue_quarter"":""2019Q4""}]",0.4340868072379823,0.02671090346194474,ok,0.1117,"[0.18007291019170618,0.6386217020191965]",1.0,False,ineligible,8.011434768848718,ok,2019Q1..2025Q2,2019Q4..2026Q1
raw_full,full,packaging,封測,4,25,1,[25],"[{""end_capex_quarter"":""2025Q1"",""end_revenue_quarter"":""2026Q1"",""start_capex_quarter"":""2019Q1"",""start_revenue_quarter"":""2020Q1""}]",0.26045919809549317,0.20858590175717387,ok,0.36122,"[-0.11761403473691685,0.5026099248587219]",1.0,False,ineligible,8.319891961132116,ok,2019Q1..2025Q1,2020Q1..2026Q1
raw_full,full,packaging,封測,5,24,1,[24],"[{""end_capex_quarter"":""2024Q4"",""end_revenue_quarter"":""2026Q1"",""start_capex_quarter"":""2019Q1"",""start_revenue_quarter"":""2020Q2""}]",0.19439826459375237,0.3626962721705318,ok,0.49506,"[-0.13132276640319712,0.45468020825863287]",1.0,False,ineligible,8.733100274887649,ok,2019Q1..2024Q4,2020Q2..2026Q1
raw_full,full,packaging,封測,6,23,1,[23],"[{""end_capex_quarter"":""2024Q3"",""end_revenue_quarter"":""2026Q1"",""start_capex_quarter"":""2019Q1"",""start_revenue_quarter"":""2020Q3""}]",0.15850061246242902,0.4700869567409983,ok,0.5892,"[-0.13366777692733978,0.44288904416971614]",1.0,False,ineligible,8.61773894530615,ok,2019Q1..2024Q3,2020Q3..2026Q1
raw_full,full,packaging,封測,7,22,1,[22],"[{""end_capex_quarter"":""2024Q2"",""end_revenue_quarter"":""2026Q1"",""start_capex_quarter"":""2019Q1"",""start_revenue_quarter"":""2020Q4""}]",-0.11455958021887595,0.6117033463833182,ok,0.71041,"[-0.4473655339595005,0.24584323934119567]",1.0,False,ineligible,8.460595256790318,ok,2019Q1..2024Q2,2020Q4..2026Q1
raw_full,full,packaging,封測,8,21,1,[21],"[{""end_capex_quarter"":""2024Q1"",""end_revenue_quarter"":""2026Q1"",""start_capex_quarter"":""2019Q1"",""start_revenue_quarter"":""2021Q1""}]",-0.3210123925457991,0.15593872411122778,ok,0.36246,"[-0.6535221119717441,0.278108267196214]",1.0,False,ineligible,6.708679899760994,ok,2019Q1..2024Q1,2021Q1..2026Q1
raw_full,full,memory,記憶體,0,29,1,[29],"[{""end_capex_quarter"":""2026Q1"",""end_revenue_quarter"":""2026Q1"",""start_capex_quarter"":""2019Q1"",""start_revenue_quarter"":""2019Q1""}]",0.8162404961085873,6.751640543795899e-08,ok,0.00019,"[0.6952537473010724,0.8867721242118333]",1.0,False,ineligible,10.887106960850481,ok,2019Q1..2026Q1,2019Q1..2026Q1
raw_full,full,memory,記憶體,1,28,1,[28],"[{""end_capex_quarter"":""2025Q4"",""end_revenue_quarter"":""2026Q1"",""start_capex_quarter"":""2019Q1"",""start_revenue_quarter"":""2019Q2""}]",0.6957727455400626,3.943578880674891e-05,ok,0.00294,"[0.5516939915638961,0.7926122951236199]",1.0,False,ineligible,10.57962530752145,ok,2019Q1..2025Q4,2019Q2..2026Q1
raw_full,full,memory,記憶體,2,27,1,[27],"[{""end_capex_quarter"":""2025Q3"",""end_revenue_quarter"":""2026Q1"",""start_capex_quarter"":""2019Q1"",""start_revenue_quarter"":""2019Q3""}]",0.5409710375974567,0.0035722894084705536,ok,0.03068,"[0.21888502052842226,0.7407730745627894]",1.0,False,ineligible,10.638045760632087,ok,2019Q1..2025Q3,2019Q3..2026Q1
raw_full,full,memory,記憶體,3,26,1,[26],"[{""end_capex_quarter"":""2025Q2"",""end_revenue_quarter"":""2026Q1"",""start_capex_quarter"":""2019Q1"",""start_revenue_quarter"":""2019Q4""}]",0.364698776004598,0.06697761299998918,ok,0.15659,"[-0.18104018028716218,0.6872116093342744]",1.0,False,ineligible,10.777293095555148,ok,2019Q1..2025Q2,2019Q4..2026Q1
raw_full,full,memory,記憶體,4,25,1,[25],"[{""end_capex_quarter"":""2025Q1"",""end_revenue_quarter"":""2026Q1"",""start_capex_quarter"":""2019Q1"",""start_revenue_quarter"":""2020Q1""}]",0.20604614772008203,0.32308249779988296,ok,0.4421,"[-0.4717193981901622,0.6047298174904064]",1.0,False,ineligible,10.894580072371944,ok,2019Q1..2025Q1,2020Q1..2026Q1
raw_full,full,memory,記憶體,5,24,1,[24],"[{""end_capex_quarter"":""2024Q4"",""end_revenue_quarter"":""2026Q1"",""start_capex_quarter"":""2019Q1"",""start_revenue_quarter"":""2020Q2""}]",0.09963076037028219,0.6432292907964772,ok,0.71894,"[-0.6552073392069614,0.5650726857883045]",1.0,False,ineligible,11.19778737760585,ok,2019Q1..2024Q4,2020Q2..2026Q1
raw_full,full,memory,記憶體,6,23,1,[23],"[{""end_capex_quarter"":""2024Q3"",""end_revenue_quarter"":""2026Q1"",""start_capex_quarter"":""2019Q1"",""start_revenue_quarter"":""2020Q3""}]",-0.0066487664847849695,0.9759806211222757,ok,0.98058,"[-0.6987638951453884,0.5630081102478629]",1.0,False,ineligible,11.44422999899397,ok,2019Q1..2024Q3,2020Q3..2026Q1
raw_full,full,memory,記憶體,7,22,1,[22],"[{""end_capex_quarter"":""2024Q2"",""end_revenue_quarter"":""2026Q1"",""start_capex_quarter"":""2019Q1"",""start_revenue_quarter"":""2020Q4""}]",-0.07742776857957268,0.7319864745704857,ok,0.7882,"[-0.69212738405716,0.7244808119738064]",1.0,False,ineligible,11.235279415478907,ok,2019Q1..2024Q2,2020Q4..2026Q1
raw_full,full,memory,記憶體,8,21,1,[21],"[{""end_capex_quarter"":""2024Q1"",""end_revenue_quarter"":""2026Q1"",""start_capex_quarter"":""2019Q1"",""start_revenue_quarter"":""2021Q1""}]",-0.3550482959605023,0.11425156040068789,ok,0.26564,"[-0.740150418789393,0.5477066117278193]",1.0,False,ineligible,9.584012042796095,ok,2019Q1..2024Q1,2021Q1..2026Q1
raw_full,full,equipment,設備,0,29,1,[29],"[{""end_capex_quarter"":""2026Q1"",""end_revenue_quarter"":""2026Q1"",""start_capex_quarter"":""2019Q1"",""start_revenue_quarter"":""2019Q1""}]",0.2722701921222298,0.15303767504098598,ok,0.31664,"[0.05423299060060857,0.5591434182001581]",1.0,False,ineligible,11.361367989392864,ok,2019Q1..2026Q1,2019Q1..2026Q1
raw_full,full,equipment,設備,1,28,1,[28],"[{""end_capex_quarter"":""2025Q4"",""end_revenue_quarter"":""2026Q1"",""start_capex_quarter"":""2019Q1"",""start_revenue_quarter"":""2019Q2""}]",0.48735673960953807,0.008526859168493885,ok,0.05169,"[0.28642213497127156,0.7639491848135942]",1.0,False,ineligible,11.603653226009774,ok,2019Q1..2025Q4,2019Q2..2026Q1
raw_full,full,equipment,設備,2,27,1,[27],"[{""end_capex_quarter"":""2025Q3"",""end_revenue_quarter"":""2026Q1"",""start_capex_quarter"":""2019Q1"",""start_revenue_quarter"":""2019Q3""}]",0.4441603878009315,0.020288020150542898,ok,0.08428,"[0.08079946505315747,0.7644305084836861]",1.0,False,ineligible,12.361109879929698,ok,2019Q1..2025Q3,2019Q3..2026Q1
raw_full,full,equipment,設備,3,26,1,[26],"[{""end_capex_quarter"":""2025Q2"",""end_revenue_quarter"":""2026Q1"",""start_capex_quarter"":""2019Q1"",""start_revenue_quarter"":""2019Q4""}]",0.2218901761459898,0.27596446829337196,ok,0.41759,"[-0.32878808061662446,0.6611588864305811]",1.0,False,ineligible,13.087410275982577,ok,2019Q1..2025Q2,2019Q4..2026Q1
raw_full,full,equipment,設備,4,25,1,[25],"[{""end_capex_quarter"":""2025Q1"",""end_revenue_quarter"":""2026Q1"",""start_capex_quarter"":""2019Q1"",""start_revenue_quarter"":""2020Q1""}]",0.23582152624379188,0.256443087129954,ok,0.39665,"[-0.17874960061804315,0.5725131424642711]",1.0,False,ineligible,12.557652124348461,ok,2019Q1..2025Q1,2020Q1..2026Q1
raw_full,full,equipment,設備,5,24,1,[24],"[{""end_capex_quarter"":""2024Q4"",""end_revenue_quarter"":""2026Q1"",""start_capex_quarter"":""2019Q1"",""start_revenue_quarter"":""2020Q2""}]",-0.183124416665007,0.39171692951285286,ok,0.50924,"[-0.6684204245759173,0.16076860362122405]",1.0,False,ineligible,12.746259118691038,ok,2019Q1..2024Q4,2020Q2..2026Q1
raw_full,full,equipment,設備,6,23,1,[23],"[{""end_capex_quarter"":""2024Q3"",""end_revenue_quarter"":""2026Q1"",""start_capex_quarter"":""2019Q1"",""start_revenue_quarter"":""2020Q3""}]",-0.19937766977188331,0.3617353593485929,ok,0.46967,"[-0.47486989145881475,0.1337997021107751]",1.0,False,ineligible,12.670200442738809,ok,2019Q1..2024Q3,2020Q3..2026Q1
raw_full,full,equipment,設備,7,22,1,[22],"[{""end_capex_quarter"":""2024Q2"",""end_revenue_quarter"":""2026Q1"",""start_capex_quarter"":""2019Q1"",""start_revenue_quarter"":""2020Q4""}]",-0.19884797445922145,0.3750015713481271,ok,0.46735,"[-0.45478834227393083,0.20419413266805397]",1.0,False,ineligible,12.92380483424893,ok,2019Q1..2024Q2,2020Q4..2026Q1
raw_full,full,equipment,設備,8,21,1,[21],"[{""end_capex_quarter"":""2024Q1"",""end_revenue_quarter"":""2026Q1"",""start_capex_quarter"":""2019Q1"",""start_revenue_quarter"":""2021Q1""}]",-0.44503348194771536,0.04322089190575566,ok,0.10686,"[-0.7029334470061128,-0.07284506229675713]",1.0,False,ineligible,12.310889992660016,ok,2019Q1..2024Q1,2021Q1..2026Q1
raw_full,full,materials,材料,0,29,1,[29],"[{""end_capex_quarter"":""2026Q1"",""end_revenue_quarter"":""2026Q1"",""start_capex_quarter"":""2019Q1"",""start_revenue_quarter"":""2019Q1""}]",-0.3143393300910788,0.09677182222856469,ok,0.25988,"[-0.5440186674126302,0.06666464781095144]",1.0,False,ineligible,9.18339485429706,ok,2019Q1..2026Q1,2019Q1..2026Q1
raw_full,full,materials,材料,1,28,1,[28],"[{""end_capex_quarter"":""2025Q4"",""end_revenue_quarter"":""2026Q1"",""start_capex_quarter"":""2019Q1"",""start_revenue_quarter"":""2019Q2""}]",0.00023788702936459818,0.999041432898992,ok,0.99931,"[-0.2712046560175956,0.41477973390930734]",1.0,False,ineligible,8.142296242916823,ok,2019Q1..2025Q4,2019Q2..2026Q1
raw_full,full,materials,材料,2,27,1,[27],"[{""end_capex_quarter"":""2025Q3"",""end_revenue_quarter"":""2026Q1"",""start_capex_quarter"":""2019Q1"",""start_revenue_quarter"":""2019Q3""}]",0.22092490785038507,0.2681242054493554,ok,0.47586,"[-0.09019867529212623,0.6469480615963205]",1.0,False,ineligible,7.865100113202877,ok,2019Q1..2025Q3,2019Q3..2026Q1
raw_full,full,materials,材料,3,26,1,[26],"[{""end_capex_quarter"":""2025Q2"",""end_revenue_quarter"":""2026Q1"",""start_capex_quarter"":""2019Q1"",""start_revenue_quarter"":""2019Q4""}]",0.32881722162090865,0.10097159667159354,ok,0.2853,"[-0.030296544984001673,0.7881896975733749]",1.0,False,ineligible,8.058497738528642,ok,2019Q1..2025Q2,2019Q4..2026Q1
raw_full,full,materials,材料,4,25,1,[25],"[{""end_capex_quarter"":""2025Q1"",""end_revenue_quarter"":""2026Q1"",""start_capex_quarter"":""2019Q1"",""start_revenue_quarter"":""2020Q1""}]",0.3421622836017356,0.09409252207859344,ok,0.25814,"[-0.07303848382467776,0.8456541111074564]",1.0,False,ineligible,8.553427242973832,ok,2019Q1..2025Q1,2020Q1..2026Q1
raw_full,full,materials,材料,5,24,1,[24],"[{""end_capex_quarter"":""2024Q4"",""end_revenue_quarter"":""2026Q1"",""start_capex_quarter"":""2019Q1"",""start_revenue_quarter"":""2020Q2""}]",0.2247716415367047,0.2909884936618345,ok,0.45115,"[-0.28753258879029886,0.7433321827277739]",1.0,False,ineligible,9.258745306295808,ok,2019Q1..2024Q4,2020Q2..2026Q1
raw_full,full,materials,材料,6,23,1,[23],"[{""end_capex_quarter"":""2024Q3"",""end_revenue_quarter"":""2026Q1"",""start_capex_quarter"":""2019Q1"",""start_revenue_quarter"":""2020Q3""}]",0.15893855877436905,0.46884520716843975,ok,0.59588,"[-0.437978550709742,0.6429161519088806]",1.0,False,ineligible,9.827774903606755,ok,2019Q1..2024Q3,2020Q3..2026Q1
raw_full,full,materials,材料,7,22,1,[22],"[{""end_capex_quarter"":""2024Q2"",""end_revenue_quarter"":""2026Q1"",""start_capex_quarter"":""2019Q1"",""start_revenue_quarter"":""2020Q4""}]",0.14751684851810995,0.5123866760665183,ok,0.62929,"[-0.5631053550440639,0.5806339921643076]",1.0,False,ineligible,9.644239228539552,ok,2019Q1..2024Q2,2020Q4..2026Q1
raw_full,full,materials,材料,8,21,1,[21],"[{""end_capex_quarter"":""2024Q1"",""end_revenue_quarter"":""2026Q1"",""start_capex_quarter"":""2019Q1"",""start_revenue_quarter"":""2021Q1""}]",0.11678119355465864,0.6141771272902666,ok,0.74168,"[-0.576758061444439,0.42547274543383196]",1.0,False,ineligible,7.8493854642813075,ok,2019Q1..2024Q1,2021Q1..2026Q1
raw_full,full,power_cooling,電源散熱,0,29,1,[29],"[{""end_capex_quarter"":""2026Q1"",""end_revenue_quarter"":""2026Q1"",""start_capex_quarter"":""2019Q1"",""start_revenue_quarter"":""2019Q1""}]",0.48484710773643763,0.007683866160166822,ok,0.05688,"[-0.03788330302570866,0.6821372410168346]",1.0,False,ineligible,10.128722702778154,ok,2019Q1..2026Q1,2019Q1..2026Q1
raw_full,full,power_cooling,電源散熱,1,28,1,[28],"[{""end_capex_quarter"":""2025Q4"",""end_revenue_quarter"":""2026Q1"",""start_capex_quarter"":""2019Q1"",""start_revenue_quarter"":""2019Q2""}]",0.5515783124642686,0.002345543305372167,ok,0.04216,"[0.13520500559411788,0.7095839913102305]",1.0,False,ineligible,9.050510401926894,ok,2019Q1..2025Q4,2019Q2..2026Q1
raw_full,full,power_cooling,電源散熱,2,27,1,[27],"[{""end_capex_quarter"":""2025Q3"",""end_revenue_quarter"":""2026Q1"",""start_capex_quarter"":""2019Q1"",""start_revenue_quarter"":""2019Q3""}]",0.6991704166134763,4.960055466458555e-05,ok,0.00424,"[0.27613486878376403,0.8396108779275963]",1.0,False,ineligible,8.373177998402983,ok,2019Q1..2025Q3,2019Q3..2026Q1
raw_full,full,power_cooling,電源散熱,3,26,1,[26],"[{""end_capex_quarter"":""2025Q2"",""end_revenue_quarter"":""2026Q1"",""start_capex_quarter"":""2019Q1"",""start_revenue_quarter"":""2019Q4""}]",0.7349202549031604,1.9039783650981283e-05,ok,0.00224,"[0.18475782689454914,0.9197061627755392]",1.0,False,ineligible,8.145082316444688,ok,2019Q1..2025Q2,2019Q4..2026Q1
raw_full,full,power_cooling,電源散熱,4,25,1,[25],"[{""end_capex_quarter"":""2025Q1"",""end_revenue_quarter"":""2026Q1"",""start_capex_quarter"":""2019Q1"",""start_revenue_quarter"":""2020Q1""}]",0.7316752622999755,3.2357153136618094e-05,ok,0.00227,"[0.28665752732019295,0.9091097144817163]",1.0,False,ineligible,8.11397247716822,ok,2019Q1..2025Q1,2020Q1..2026Q1
raw_full,full,power_cooling,電源散熱,5,24,1,[24],"[{""end_capex_quarter"":""2024Q4"",""end_revenue_quarter"":""2026Q1"",""start_capex_quarter"":""2019Q1"",""start_revenue_quarter"":""2020Q2""}]",0.6161144786402414,0.001347696235824057,ok,0.01201,"[0.1384068343057795,0.8350540298226939]",1.0,False,ineligible,8.33171339052109,ok,2019Q1..2024Q4,2020Q2..2026Q1
raw_full,full,power_cooling,電源散熱,6,23,1,[23],"[{""end_capex_quarter"":""2024Q3"",""end_revenue_quarter"":""2026Q1"",""start_capex_quarter"":""2019Q1"",""start_revenue_quarter"":""2020Q3""}]",0.40762897721477076,0.05351878160634902,ok,0.12962,"[-0.04095619786679616,0.7050705545410186]",1.0,False,ineligible,8.296722328662423,ok,2019Q1..2024Q3,2020Q3..2026Q1
raw_full,full,power_cooling,電源散熱,7,22,1,[22],"[{""end_capex_quarter"":""2024Q2"",""end_revenue_quarter"":""2026Q1"",""start_capex_quarter"":""2019Q1"",""start_revenue_quarter"":""2020Q4""}]",0.09034642237590641,0.6892700617209392,ok,0.75777,"[-0.3092348812195552,0.5057595954567511]",1.0,False,ineligible,8.217287464503201,ok,2019Q1..2024Q2,2020Q4..2026Q1
raw_full,full,power_cooling,電源散熱,8,21,1,[21],"[{""end_capex_quarter"":""2024Q1"",""end_revenue_quarter"":""2026Q1"",""start_capex_quarter"":""2019Q1"",""start_revenue_quarter"":""2021Q1""}]",-0.307166099197383,0.1755979593860723,ok,0.35023,"[-0.5881250728175996,0.4434932477688109]",1.0,False,ineligible,7.360557885543005,ok,2019Q1..2024Q1,2021Q1..2026Q1
raw_full,full,facilities,廠務,0,29,1,[29],"[{""end_capex_quarter"":""2026Q1"",""end_revenue_quarter"":""2026Q1"",""start_capex_quarter"":""2019Q1"",""start_revenue_quarter"":""2019Q1""}]",-0.08741257621896308,0.6520690198716859,ok,0.74441,"[-0.46931105601269557,0.3704615917152438]",1.0,False,ineligible,11.339215599073615,ok,2019Q1..2026Q1,2019Q1..2026Q1
raw_full,full,facilities,廠務,1,28,1,[28],"[{""end_capex_quarter"":""2025Q4"",""end_revenue_quarter"":""2026Q1"",""start_capex_quarter"":""2019Q1"",""start_revenue_quarter"":""2019Q2""}]",-0.07682222174530492,0.6976115843343712,ok,0.77014,"[-0.5583966705770571,0.5056572173316792]",1.0,False,ineligible,11.012560673969478,ok,2019Q1..2025Q4,2019Q2..2026Q1
raw_full,full,facilities,廠務,2,27,1,[27],"[{""end_capex_quarter"":""2025Q3"",""end_revenue_quarter"":""2026Q1"",""start_capex_quarter"":""2019Q1"",""start_revenue_quarter"":""2019Q3""}]",-0.05116926070605749,0.7999066875985921,ok,0.85055,"[-0.5610662733773365,0.6384792314355519]",1.0,False,ineligible,10.692973814656435,ok,2019Q1..2025Q3,2019Q3..2026Q1
raw_full,full,facilities,廠務,3,26,1,[26],"[{""end_capex_quarter"":""2025Q2"",""end_revenue_quarter"":""2026Q1"",""start_capex_quarter"":""2019Q1"",""start_revenue_quarter"":""2019Q4""}]",-0.06030292679119719,0.7698052932644899,ok,0.82727,"[-0.47995933106391986,0.46355414398929506]",1.0,False,ineligible,10.33423981764608,ok,2019Q1..2025Q2,2019Q4..2026Q1
raw_full,full,facilities,廠務,4,25,1,[25],"[{""end_capex_quarter"":""2025Q1"",""end_revenue_quarter"":""2026Q1"",""start_capex_quarter"":""2019Q1"",""start_revenue_quarter"":""2020Q1""}]",0.24002159139069532,0.24782092239150774,ok,0.37301,"[-0.16757882684633496,0.6957195739354852]",1.0,False,ineligible,10.088037496230879,ok,2019Q1..2025Q1,2020Q1..2026Q1
raw_full,full,facilities,廠務,5,24,1,[24],"[{""end_capex_quarter"":""2024Q4"",""end_revenue_quarter"":""2026Q1"",""start_capex_quarter"":""2019Q1"",""start_revenue_quarter"":""2020Q2""}]",0.4780284583574457,0.018144775213496424,ok,0.05883,"[0.234573422511759,0.713453368744004]",1.0,False,ineligible,10.533439151316111,ok,2019Q1..2024Q4,2020Q2..2026Q1
raw_full,full,facilities,廠務,6,23,1,[23],"[{""end_capex_quarter"":""2024Q3"",""end_revenue_quarter"":""2026Q1"",""start_capex_quarter"":""2019Q1"",""start_revenue_quarter"":""2020Q3""}]",0.5324373555019518,0.008911006018719629,ok,0.03095,"[0.028668258141652844,0.7009052822748487]",1.0,False,ineligible,11.232454326952679,ok,2019Q1..2024Q3,2020Q3..2026Q1
raw_full,full,facilities,廠務,7,22,1,[22],"[{""end_capex_quarter"":""2024Q2"",""end_revenue_quarter"":""2026Q1"",""start_capex_quarter"":""2019Q1"",""start_revenue_quarter"":""2020Q4""}]",0.6954201276917897,0.000326885598469957,ok,0.0029,"[0.323742553710421,0.8335847655593788]",1.0,False,ineligible,12.227098910930689,ok,2019Q1..2024Q2,2020Q4..2026Q1
raw_full,full,facilities,廠務,8,21,1,[21],"[{""end_capex_quarter"":""2024Q1"",""end_revenue_quarter"":""2026Q1"",""start_capex_quarter"":""2019Q1"",""start_revenue_quarter"":""2021Q1""}]",0.3693536575491005,0.09939020641842863,ok,0.21302,"[-0.30472334615864194,0.6401827830044372]",1.0,False,ineligible,11.891053723234313,ok,2019Q1..2024Q1,2021Q1..2026Q1
split_descriptive,early,chip_design,晶片設計,0,4,1,[4],"[{""end_capex_quarter"":""2019Q4"",""end_revenue_quarter"":""2019Q4"",""start_capex_quarter"":""2019Q1"",""start_revenue_quarter"":""2019Q1""}]",0.2648595621403832,,not_computed,,,,False,insufficient_n,3.5712422539764694,ok,2019Q1..2019Q4,2019Q1..2019Q4
split_descriptive,early,chip_design,晶片設計,1,3,1,[3],"[{""end_capex_quarter"":""2019Q3"",""end_revenue_quarter"":""2019Q4"",""start_capex_quarter"":""2019Q1"",""start_revenue_quarter"":""2019Q2""}]",0.9219647416806612,,not_computed,,,,False,insufficient_n,3.0,ok,2019Q1..2019Q3,2019Q2..2019Q4
split_descriptive,early,chip_design,晶片設計,2,2,1,[2],"[{""end_capex_quarter"":""2019Q2"",""end_revenue_quarter"":""2019Q4"",""start_capex_quarter"":""2019Q1"",""start_revenue_quarter"":""2019Q3""}]",0.9999999999999999,,not_computed,,,,False,insufficient_n,,insufficient_n,2019Q1..2019Q2,2019Q3..2019Q4
split_descriptive,early,chip_design,晶片設計,3,1,1,[1],"[{""end_capex_quarter"":""2019Q1"",""end_revenue_quarter"":""2019Q4"",""start_capex_quarter"":""2019Q1"",""start_revenue_quarter"":""2019Q4""}]",,,not_computed,,,,False,insufficient_n,,insufficient_n,2019Q1..2019Q1,2019Q4..2019Q4
split_descriptive,early,chip_design,晶片設計,4,0,0,[],[],,,not_computed,,,,False,insufficient_n,,insufficient_n,,
split_descriptive,early,chip_design,晶片設計,5,0,0,[],[],,,not_computed,,,,False,insufficient_n,,insufficient_n,,
split_descriptive,early,chip_design,晶片設計,6,0,0,[],[],,,not_computed,,,,False,insufficient_n,,insufficient_n,,
split_descriptive,early,chip_design,晶片設計,7,0,0,[],[],,,not_computed,,,,False,insufficient_n,,insufficient_n,,
split_descriptive,early,chip_design,晶片設計,8,0,0,[],[],,,not_computed,,,,False,insufficient_n,,insufficient_n,,
split_descriptive,early,foundry,晶圓代工/台積電對照,0,4,1,[4],"[{""end_capex_quarter"":""2019Q4"",""end_revenue_quarter"":""2019Q4"",""start_capex_quarter"":""2019Q1"",""start_revenue_quarter"":""2019Q1""}]",0.8570584910057409,,not_computed,,,,False,insufficient_n,3.0449049304214557,ok,2019Q1..2019Q4,2019Q1..2019Q4
split_descriptive,early,foundry,晶圓代工/台積電對照,1,3,1,[3],"[{""end_capex_quarter"":""2019Q3"",""end_revenue_quarter"":""2019Q4"",""start_capex_quarter"":""2019Q1"",""start_revenue_quarter"":""2019Q2""}]",0.7715305666692719,,not_computed,,,,False,insufficient_n,3.0,ok,2019Q1..2019Q3,2019Q2..2019Q4
split_descriptive,early,foundry,晶圓代工/台積電對照,2,2,1,[2],"[{""end_capex_quarter"":""2019Q2"",""end_revenue_quarter"":""2019Q4"",""start_capex_quarter"":""2019Q1"",""start_revenue_quarter"":""2019Q3""}]",-1.0,,not_computed,,,,False,insufficient_n,,insufficient_n,2019Q1..2019Q2,2019Q3..2019Q4
split_descriptive,early,foundry,晶圓代工/台積電對照,3,1,1,[1],"[{""end_capex_quarter"":""2019Q1"",""end_revenue_quarter"":""2019Q4"",""start_capex_quarter"":""2019Q1"",""start_revenue_quarter"":""2019Q4""}]",,,not_computed,,,,False,insufficient_n,,insufficient_n,2019Q1..2019Q1,2019Q4..2019Q4
split_descriptive,early,foundry,晶圓代工/台積電對照,4,0,0,[],[],,,not_computed,,,,False,insufficient_n,,insufficient_n,,
split_descriptive,early,foundry,晶圓代工/台積電對照,5,0,0,[],[],,,not_computed,,,,False,insufficient_n,,insufficient_n,,
split_descriptive,early,foundry,晶圓代工/台積電對照,6,0,0,[],[],,,not_computed,,,,False,insufficient_n,,insufficient_n,,
split_descriptive,early,foundry,晶圓代工/台積電對照,7,0,0,[],[],,,not_computed,,,,False,insufficient_n,,insufficient_n,,
split_descriptive,early,foundry,晶圓代工/台積電對照,8,0,0,[],[],,,not_computed,,,,False,insufficient_n,,insufficient_n,,
split_descriptive,early,packaging,封測,0,2,1,[2],"[{""end_capex_quarter"":""2019Q4"",""end_revenue_quarter"":""2019Q4"",""start_capex_quarter"":""2019Q3"",""start_revenue_quarter"":""2019Q3""}]",1.0,,not_computed,,,,False,insufficient_n,,insufficient_n,2019Q3..2019Q4,2019Q3..2019Q4
split_descriptive,early,packaging,封測,1,2,1,[2],"[{""end_capex_quarter"":""2019Q3"",""end_revenue_quarter"":""2019Q4"",""start_capex_quarter"":""2019Q2"",""start_revenue_quarter"":""2019Q3""}]",-1.0,,not_computed,,,,False,insufficient_n,,insufficient_n,2019Q2..2019Q3,2019Q3..2019Q4
split_descriptive,early,packaging,封測,2,2,1,[2],"[{""end_capex_quarter"":""2019Q2"",""end_revenue_quarter"":""2019Q4"",""start_capex_quarter"":""2019Q1"",""start_revenue_quarter"":""2019Q3""}]",-1.0,,not_computed,,,,False,insufficient_n,,insufficient_n,2019Q1..2019Q2,2019Q3..2019Q4
split_descriptive,early,packaging,封測,3,1,1,[1],"[{""end_capex_quarter"":""2019Q1"",""end_revenue_quarter"":""2019Q4"",""start_capex_quarter"":""2019Q1"",""start_revenue_quarter"":""2019Q4""}]",,,not_computed,,,,False,insufficient_n,,insufficient_n,2019Q1..2019Q1,2019Q4..2019Q4
split_descriptive,early,packaging,封測,4,0,0,[],[],,,not_computed,,,,False,insufficient_n,,insufficient_n,,
split_descriptive,early,packaging,封測,5,0,0,[],[],,,not_computed,,,,False,insufficient_n,,insufficient_n,,
split_descriptive,early,packaging,封測,6,0,0,[],[],,,not_computed,,,,False,insufficient_n,,insufficient_n,,
split_descriptive,early,packaging,封測,7,0,0,[],[],,,not_computed,,,,False,insufficient_n,,insufficient_n,,
split_descriptive,early,packaging,封測,8,0,0,[],[],,,not_computed,,,,False,insufficient_n,,insufficient_n,,
split_descriptive,early,memory,記憶體,0,4,1,[4],"[{""end_capex_quarter"":""2019Q4"",""end_revenue_quarter"":""2019Q4"",""start_capex_quarter"":""2019Q1"",""start_revenue_quarter"":""2019Q1""}]",-0.9616509192348652,,not_computed,,,,False,insufficient_n,3.0,ok,2019Q1..2019Q4,2019Q1..2019Q4
split_descriptive,early,memory,記憶體,1,3,1,[3],"[{""end_capex_quarter"":""2019Q3"",""end_revenue_quarter"":""2019Q4"",""start_capex_quarter"":""2019Q1"",""start_revenue_quarter"":""2019Q2""}]",0.5431055350056275,,not_computed,,,,False,insufficient_n,3.0,ok,2019Q1..2019Q3,2019Q2..2019Q4
split_descriptive,early,memory,記憶體,2,2,1,[2],"[{""end_capex_quarter"":""2019Q2"",""end_revenue_quarter"":""2019Q4"",""start_capex_quarter"":""2019Q1"",""start_revenue_quarter"":""2019Q3""}]",1.0,,not_computed,,,,False,insufficient_n,,insufficient_n,2019Q1..2019Q2,2019Q3..2019Q4
split_descriptive,early,memory,記憶體,3,1,1,[1],"[{""end_capex_quarter"":""2019Q1"",""end_revenue_quarter"":""2019Q4"",""start_capex_quarter"":""2019Q1"",""start_revenue_quarter"":""2019Q4""}]",,,not_computed,,,,False,insufficient_n,,insufficient_n,2019Q1..2019Q1,2019Q4..2019Q4
split_descriptive,early,memory,記憶體,4,0,0,[],[],,,not_computed,,,,False,insufficient_n,,insufficient_n,,
split_descriptive,early,memory,記憶體,5,0,0,[],[],,,not_computed,,,,False,insufficient_n,,insufficient_n,,
split_descriptive,early,memory,記憶體,6,0,0,[],[],,,not_computed,,,,False,insufficient_n,,insufficient_n,,
split_descriptive,early,memory,記憶體,7,0,0,[],[],,,not_computed,,,,False,insufficient_n,,insufficient_n,,
split_descriptive,early,memory,記憶體,8,0,0,[],[],,,not_computed,,,,False,insufficient_n,,insufficient_n,,
split_descriptive,early,equipment,設備,0,4,1,[4],"[{""end_capex_quarter"":""2019Q4"",""end_revenue_quarter"":""2019Q4"",""start_capex_quarter"":""2019Q1"",""start_revenue_quarter"":""2019Q1""}]",0.20534128981700045,,not_computed,,,,False,insufficient_n,3.0693654959903776,ok,2019Q1..2019Q4,2019Q1..2019Q4
split_descriptive,early,equipment,設備,1,3,1,[3],"[{""end_capex_quarter"":""2019Q3"",""end_revenue_quarter"":""2019Q4"",""start_capex_quarter"":""2019Q1"",""start_revenue_quarter"":""2019Q2""}]",0.9838247005427964,,not_computed,,,,False,insufficient_n,3.0,ok,2019Q1..2019Q3,2019Q2..2019Q4
split_descriptive,early,equipment,設備,2,2,1,[2],"[{""end_capex_quarter"":""2019Q2"",""end_revenue_quarter"":""2019Q4"",""start_capex_quarter"":""2019Q1"",""start_revenue_quarter"":""2019Q3""}]",1.0,,not_computed,,,,False,insufficient_n,,insufficient_n,2019Q1..2019Q2,2019Q3..2019Q4
split_descriptive,early,equipment,設備,3,1,1,[1],"[{""end_capex_quarter"":""2019Q1"",""end_revenue_quarter"":""2019Q4"",""start_capex_quarter"":""2019Q1"",""start_revenue_quarter"":""2019Q4""}]",,,not_computed,,,,False,insufficient_n,,insufficient_n,2019Q1..2019Q1,2019Q4..2019Q4
split_descriptive,early,equipment,設備,4,0,0,[],[],,,not_computed,,,,False,insufficient_n,,insufficient_n,,
split_descriptive,early,equipment,設備,5,0,0,[],[],,,not_computed,,,,False,insufficient_n,,insufficient_n,,
split_descriptive,early,equipment,設備,6,0,0,[],[],,,not_computed,,,,False,insufficient_n,,insufficient_n,,
split_descriptive,early,equipment,設備,7,0,0,[],[],,,not_computed,,,,False,insufficient_n,,insufficient_n,,
split_descriptive,early,equipment,設備,8,0,0,[],[],,,not_computed,,,,False,insufficient_n,,insufficient_n,,
split_descriptive,early,materials,材料,0,4,1,[4],"[{""end_capex_quarter"":""2019Q4"",""end_revenue_quarter"":""2019Q4"",""start_capex_quarter"":""2019Q1"",""start_revenue_quarter"":""2019Q1""}]",-0.5333107906831283,,not_computed,,,,False,insufficient_n,3.4835780788562514,ok,2019Q1..2019Q4,2019Q1..2019Q4
split_descriptive,early,materials,材料,1,3,1,[3],"[{""end_capex_quarter"":""2019Q3"",""end_revenue_quarter"":""2019Q4"",""start_capex_quarter"":""2019Q1"",""start_revenue_quarter"":""2019Q2""}]",-0.9862832083121962,,not_computed,,,,False,insufficient_n,3.0,ok,2019Q1..2019Q3,2019Q2..2019Q4
split_descriptive,early,materials,材料,2,2,1,[2],"[{""end_capex_quarter"":""2019Q2"",""end_revenue_quarter"":""2019Q4"",""start_capex_quarter"":""2019Q1"",""start_revenue_quarter"":""2019Q3""}]",-1.0,,not_computed,,,,False,insufficient_n,,insufficient_n,2019Q1..2019Q2,2019Q3..2019Q4
split_descriptive,early,materials,材料,3,1,1,[1],"[{""end_capex_quarter"":""2019Q1"",""end_revenue_quarter"":""2019Q4"",""start_capex_quarter"":""2019Q1"",""start_revenue_quarter"":""2019Q4""}]",,,not_computed,,,,False,insufficient_n,,insufficient_n,2019Q1..2019Q1,2019Q4..2019Q4
split_descriptive,early,materials,材料,4,0,0,[],[],,,not_computed,,,,False,insufficient_n,,insufficient_n,,
split_descriptive,early,materials,材料,5,0,0,[],[],,,not_computed,,,,False,insufficient_n,,insufficient_n,,
split_descriptive,early,materials,材料,6,0,0,[],[],,,not_computed,,,,False,insufficient_n,,insufficient_n,,
split_descriptive,early,materials,材料,7,0,0,[],[],,,not_computed,,,,False,insufficient_n,,insufficient_n,,
split_descriptive,early,materials,材料,8,0,0,[],[],,,not_computed,,,,False,insufficient_n,,insufficient_n,,
split_descriptive,early,power_cooling,電源散熱,0,4,1,[4],"[{""end_capex_quarter"":""2019Q4"",""end_revenue_quarter"":""2019Q4"",""start_capex_quarter"":""2019Q1"",""start_revenue_quarter"":""2019Q1""}]",0.5814839599415876,,not_computed,,,,False,insufficient_n,3.0,ok,2019Q1..2019Q4,2019Q1..2019Q4
split_descriptive,early,power_cooling,電源散熱,1,3,1,[3],"[{""end_capex_quarter"":""2019Q3"",""end_revenue_quarter"":""2019Q4"",""start_capex_quarter"":""2019Q1"",""start_revenue_quarter"":""2019Q2""}]",-0.9992937486465381,,not_computed,,,,False,insufficient_n,3.0,ok,2019Q1..2019Q3,2019Q2..2019Q4
split_descriptive,early,power_cooling,電源散熱,2,2,1,[2],"[{""end_capex_quarter"":""2019Q2"",""end_revenue_quarter"":""2019Q4"",""start_capex_quarter"":""2019Q1"",""start_revenue_quarter"":""2019Q3""}]",-0.9999999999999999,,not_computed,,,,False,insufficient_n,,insufficient_n,2019Q1..2019Q2,2019Q3..2019Q4
split_descriptive,early,power_cooling,電源散熱,3,1,1,[1],"[{""end_capex_quarter"":""2019Q1"",""end_revenue_quarter"":""2019Q4"",""start_capex_quarter"":""2019Q1"",""start_revenue_quarter"":""2019Q4""}]",,,not_computed,,,,False,insufficient_n,,insufficient_n,2019Q1..2019Q1,2019Q4..2019Q4
split_descriptive,early,power_cooling,電源散熱,4,0,0,[],[],,,not_computed,,,,False,insufficient_n,,insufficient_n,,
split_descriptive,early,power_cooling,電源散熱,5,0,0,[],[],,,not_computed,,,,False,insufficient_n,,insufficient_n,,
split_descriptive,early,power_cooling,電源散熱,6,0,0,[],[],,,not_computed,,,,False,insufficient_n,,insufficient_n,,
split_descriptive,early,power_cooling,電源散熱,7,0,0,[],[],,,not_computed,,,,False,insufficient_n,,insufficient_n,,
split_descriptive,early,power_cooling,電源散熱,8,0,0,[],[],,,not_computed,,,,False,insufficient_n,,insufficient_n,,
split_descriptive,early,facilities,廠務,0,4,1,[4],"[{""end_capex_quarter"":""2019Q4"",""end_revenue_quarter"":""2019Q4"",""start_capex_quarter"":""2019Q1"",""start_revenue_quarter"":""2019Q1""}]",-0.44567544451021296,,not_computed,,,,False,insufficient_n,3.0,ok,2019Q1..2019Q4,2019Q1..2019Q4
split_descriptive,early,facilities,廠務,1,3,1,[3],"[{""end_capex_quarter"":""2019Q3"",""end_revenue_quarter"":""2019Q4"",""start_capex_quarter"":""2019Q1"",""start_revenue_quarter"":""2019Q2""}]",0.8680867738382974,,not_computed,,,,False,insufficient_n,3.0,ok,2019Q1..2019Q3,2019Q2..2019Q4
split_descriptive,early,facilities,廠務,2,2,1,[2],"[{""end_capex_quarter"":""2019Q2"",""end_revenue_quarter"":""2019Q4"",""start_capex_quarter"":""2019Q1"",""start_revenue_quarter"":""2019Q3""}]",1.0,,not_computed,,,,False,insufficient_n,,insufficient_n,2019Q1..2019Q2,2019Q3..2019Q4
split_descriptive,early,facilities,廠務,3,1,1,[1],"[{""end_capex_quarter"":""2019Q1"",""end_revenue_quarter"":""2019Q4"",""start_capex_quarter"":""2019Q1"",""start_revenue_quarter"":""2019Q4""}]",,,not_computed,,,,False,insufficient_n,,insufficient_n,2019Q1..2019Q1,2019Q4..2019Q4
split_descriptive,early,facilities,廠務,4,0,0,[],[],,,not_computed,,,,False,insufficient_n,,insufficient_n,,
split_descriptive,early,facilities,廠務,5,0,0,[],[],,,not_computed,,,,False,insufficient_n,,insufficient_n,,
split_descriptive,early,facilities,廠務,6,0,0,[],[],,,not_computed,,,,False,insufficient_n,,insufficient_n,,
split_descriptive,early,facilities,廠務,7,0,0,[],[],,,not_computed,,,,False,insufficient_n,,insufficient_n,,
split_descriptive,early,facilities,廠務,8,0,0,[],[],,,not_computed,,,,False,insufficient_n,,insufficient_n,,
split_descriptive,late,chip_design,晶片設計,0,25,1,[25],"[{""end_capex_quarter"":""2026Q1"",""end_revenue_quarter"":""2026Q1"",""start_capex_quarter"":""2020Q1"",""start_revenue_quarter"":""2020Q1""}]",0.3688235172510033,0.06963474341697082,ok,,,,False,descriptive_only,8.890577546000205,ok,2020Q1..2026Q1,2020Q1..2026Q1
split_descriptive,late,chip_design,晶片設計,1,24,1,[24],"[{""end_capex_quarter"":""2025Q4"",""end_revenue_quarter"":""2026Q1"",""start_capex_quarter"":""2020Q1"",""start_revenue_quarter"":""2020Q2""}]",0.06715015638832206,0.7552246152282751,ok,,,,False,descriptive_only,7.996175291736801,ok,2020Q1..2025Q4,2020Q2..2026Q1
split_descriptive,late,chip_design,晶片設計,2,23,1,[23],"[{""end_capex_quarter"":""2025Q3"",""end_revenue_quarter"":""2026Q1"",""start_capex_quarter"":""2020Q1"",""start_revenue_quarter"":""2020Q3""}]",-0.17055193805027138,0.43653876680215936,ok,,,,False,descriptive_only,7.278946128754472,ok,2020Q1..2025Q3,2020Q3..2026Q1
split_descriptive,late,chip_design,晶片設計,3,22,1,[22],"[{""end_capex_quarter"":""2025Q2"",""end_revenue_quarter"":""2026Q1"",""start_capex_quarter"":""2020Q1"",""start_revenue_quarter"":""2020Q4""}]",-0.3062247468378275,0.1657329394216327,ok,,,,False,descriptive_only,6.711932091931516,ok,2020Q1..2025Q2,2020Q4..2026Q1
split_descriptive,late,chip_design,晶片設計,4,21,1,[21],"[{""end_capex_quarter"":""2025Q1"",""end_revenue_quarter"":""2026Q1"",""start_capex_quarter"":""2020Q1"",""start_revenue_quarter"":""2021Q1""}]",-0.3480595967827304,0.12206841558761926,ok,,,,False,descriptive_only,6.226800960329856,ok,2020Q1..2025Q1,2021Q1..2026Q1
split_descriptive,late,chip_design,晶片設計,5,20,1,[20],"[{""end_capex_quarter"":""2024Q4"",""end_revenue_quarter"":""2026Q1"",""start_capex_quarter"":""2020Q1"",""start_revenue_quarter"":""2021Q2""}]",-0.28145396090110664,0.2293078526688057,ok,,,,False,descriptive_only,6.272620315094387,ok,2020Q1..2024Q4,2021Q2..2026Q1
split_descriptive,late,chip_design,晶片設計,6,19,1,[19],"[{""end_capex_quarter"":""2024Q3"",""end_revenue_quarter"":""2026Q1"",""start_capex_quarter"":""2020Q1"",""start_revenue_quarter"":""2021Q3""}]",-0.28939239767790265,0.22947185315482768,ok,,,,False,descriptive_only,6.486347741508875,ok,2020Q1..2024Q3,2021Q3..2026Q1
split_descriptive,late,chip_design,晶片設計,7,18,1,[18],"[{""end_capex_quarter"":""2024Q2"",""end_revenue_quarter"":""2026Q1"",""start_capex_quarter"":""2020Q1"",""start_revenue_quarter"":""2021Q4""}]",-0.32265184801493485,0.1915936766990201,ok,,,,False,descriptive_only,6.63544616302931,ok,2020Q1..2024Q2,2021Q4..2026Q1
split_descriptive,late,chip_design,晶片設計,8,17,1,[17],"[{""end_capex_quarter"":""2024Q1"",""end_revenue_quarter"":""2026Q1"",""start_capex_quarter"":""2020Q1"",""start_revenue_quarter"":""2022Q1""}]",-0.3027766321178204,0.2374937653359656,ok,,,,False,descriptive_only,6.346152100799031,ok,2020Q1..2024Q1,2022Q1..2026Q1
split_descriptive,late,foundry,晶圓代工/台積電對照,0,25,1,[25],"[{""end_capex_quarter"":""2026Q1"",""end_revenue_quarter"":""2026Q1"",""start_capex_quarter"":""2020Q1"",""start_revenue_quarter"":""2020Q1""}]",0.5557614950956277,0.003921388977823084,ok,,,,False,descriptive_only,11.692300876658651,ok,2020Q1..2026Q1,2020Q1..2026Q1
split_descriptive,late,foundry,晶圓代工/台積電對照,1,24,1,[24],"[{""end_capex_quarter"":""2025Q4"",""end_revenue_quarter"":""2026Q1"",""start_capex_quarter"":""2020Q1"",""start_revenue_quarter"":""2020Q2""}]",0.5981171715225387,0.0020211451402111884,ok,,,,False,descriptive_only,9.047823521767915,ok,2020Q1..2025Q4,2020Q2..2026Q1
split_descriptive,late,foundry,晶圓代工/台積電對照,2,23,1,[23],"[{""end_capex_quarter"":""2025Q3"",""end_revenue_quarter"":""2026Q1"",""start_capex_quarter"":""2020Q1"",""start_revenue_quarter"":""2020Q3""}]",0.4955442396755286,0.01619472220402241,ok,,,,False,descriptive_only,7.752077781296407,ok,2020Q1..2025Q3,2020Q3..2026Q1
split_descriptive,late,foundry,晶圓代工/台積電對照,3,22,1,[22],"[{""end_capex_quarter"":""2025Q2"",""end_revenue_quarter"":""2026Q1"",""start_capex_quarter"":""2020Q1"",""start_revenue_quarter"":""2020Q4""}]",0.3246789109488624,0.14040917571124759,ok,,,,False,descriptive_only,6.949705688721485,ok,2020Q1..2025Q2,2020Q4..2026Q1
split_descriptive,late,foundry,晶圓代工/台積電對照,4,21,1,[21],"[{""end_capex_quarter"":""2025Q1"",""end_revenue_quarter"":""2026Q1"",""start_capex_quarter"":""2020Q1"",""start_revenue_quarter"":""2021Q1""}]",0.12449389510542555,0.5908060674161499,ok,,,,False,descriptive_only,6.481116371749013,ok,2020Q1..2025Q1,2021Q1..2026Q1
split_descriptive,late,foundry,晶圓代工/台積電對照,5,20,1,[20],"[{""end_capex_quarter"":""2024Q4"",""end_revenue_quarter"":""2026Q1"",""start_capex_quarter"":""2020Q1"",""start_revenue_quarter"":""2021Q2""}]",0.02337005515175493,0.9220932616733126,ok,,,,False,descriptive_only,6.3987412196044815,ok,2020Q1..2024Q4,2021Q2..2026Q1
split_descriptive,late,foundry,晶圓代工/台積電對照,6,19,1,[19],"[{""end_capex_quarter"":""2024Q3"",""end_revenue_quarter"":""2026Q1"",""start_capex_quarter"":""2020Q1"",""start_revenue_quarter"":""2021Q3""}]",-0.0855205075336782,0.7277601363981868,ok,,,,False,descriptive_only,6.645122558854515,ok,2020Q1..2024Q3,2021Q3..2026Q1
split_descriptive,late,foundry,晶圓代工/台積電對照,7,18,1,[18],"[{""end_capex_quarter"":""2024Q2"",""end_revenue_quarter"":""2026Q1"",""start_capex_quarter"":""2020Q1"",""start_revenue_quarter"":""2021Q4""}]",-0.20599093442615782,0.4121852664488092,ok,,,,False,descriptive_only,7.192378226463099,ok,2020Q1..2024Q2,2021Q4..2026Q1
split_descriptive,late,foundry,晶圓代工/台積電對照,8,17,1,[17],"[{""end_capex_quarter"":""2024Q1"",""end_revenue_quarter"":""2026Q1"",""start_capex_quarter"":""2020Q1"",""start_revenue_quarter"":""2022Q1""}]",-0.30713306917362104,0.2304737166465657,ok,,,,False,descriptive_only,7.309970977029868,ok,2020Q1..2024Q1,2022Q1..2026Q1
split_descriptive,late,packaging,封測,0,25,1,[25],"[{""end_capex_quarter"":""2026Q1"",""end_revenue_quarter"":""2026Q1"",""start_capex_quarter"":""2020Q1"",""start_revenue_quarter"":""2020Q1""}]",0.3789406584286477,0.06175348170646847,ok,,,,False,descriptive_only,7.130275544000555,ok,2020Q1..2026Q1,2020Q1..2026Q1
split_descriptive,late,packaging,封測,1,24,1,[24],"[{""end_capex_quarter"":""2025Q4"",""end_revenue_quarter"":""2026Q1"",""start_capex_quarter"":""2020Q1"",""start_revenue_quarter"":""2020Q2""}]",0.49735831664337493,0.013405642294223098,ok,,,,False,descriptive_only,6.642219561926788,ok,2020Q1..2025Q4,2020Q2..2026Q1
split_descriptive,late,packaging,封測,2,23,1,[23],"[{""end_capex_quarter"":""2025Q3"",""end_revenue_quarter"":""2026Q1"",""start_capex_quarter"":""2020Q1"",""start_revenue_quarter"":""2020Q3""}]",0.4305119508541979,0.04030045919365879,ok,,,,False,descriptive_only,6.289282053889881,ok,2020Q1..2025Q3,2020Q3..2026Q1
split_descriptive,late,packaging,封測,3,22,1,[22],"[{""end_capex_quarter"":""2025Q2"",""end_revenue_quarter"":""2026Q1"",""start_capex_quarter"":""2020Q1"",""start_revenue_quarter"":""2020Q4""}]",0.45762845400437435,0.03223100008853627,ok,,,,False,descriptive_only,6.227204008916136,ok,2020Q1..2025Q2,2020Q4..2026Q1
split_descriptive,late,packaging,封測,4,21,1,[21],"[{""end_capex_quarter"":""2025Q1"",""end_revenue_quarter"":""2026Q1"",""start_capex_quarter"":""2020Q1"",""start_revenue_quarter"":""2021Q1""}]",0.43486031419672405,0.04883211111896421,ok,,,,False,descriptive_only,5.76206815470054,ok,2020Q1..2025Q1,2021Q1..2026Q1
split_descriptive,late,packaging,封測,5,20,1,[20],"[{""end_capex_quarter"":""2024Q4"",""end_revenue_quarter"":""2026Q1"",""start_capex_quarter"":""2020Q1"",""start_revenue_quarter"":""2021Q2""}]",0.39667613727040024,0.08333944528001197,ok,,,,False,descriptive_only,5.721178655629644,ok,2020Q1..2024Q4,2021Q2..2026Q1
split_descriptive,late,packaging,封測,6,19,1,[19],"[{""end_capex_quarter"":""2024Q3"",""end_revenue_quarter"":""2026Q1"",""start_capex_quarter"":""2020Q1"",""start_revenue_quarter"":""2021Q3""}]",0.31561426491236044,0.18807989519246604,ok,,,,False,descriptive_only,6.019353468938143,ok,2020Q1..2024Q3,2021Q3..2026Q1
split_descriptive,late,packaging,封測,7,18,1,[18],"[{""end_capex_quarter"":""2024Q2"",""end_revenue_quarter"":""2026Q1"",""start_capex_quarter"":""2020Q1"",""start_revenue_quarter"":""2021Q4""}]",0.147804686113074,0.5583506529725986,ok,,,,False,descriptive_only,6.518162308036722,ok,2020Q1..2024Q2,2021Q4..2026Q1
split_descriptive,late,packaging,封測,8,17,1,[17],"[{""end_capex_quarter"":""2024Q1"",""end_revenue_quarter"":""2026Q1"",""start_capex_quarter"":""2020Q1"",""start_revenue_quarter"":""2022Q1""}]",-0.1804154774597802,0.48835281006042125,ok,,,,False,descriptive_only,6.927947791027093,ok,2020Q1..2024Q1,2022Q1..2026Q1
split_descriptive,late,memory,記憶體,0,25,1,[25],"[{""end_capex_quarter"":""2026Q1"",""end_revenue_quarter"":""2026Q1"",""start_capex_quarter"":""2020Q1"",""start_revenue_quarter"":""2020Q1""}]",0.8018158313243805,1.4455865292217519e-06,ok,,,,False,descriptive_only,9.787929310814482,ok,2020Q1..2026Q1,2020Q1..2026Q1
split_descriptive,late,memory,記憶體,1,24,1,[24],"[{""end_capex_quarter"":""2025Q4"",""end_revenue_quarter"":""2026Q1"",""start_capex_quarter"":""2020Q1"",""start_revenue_quarter"":""2020Q2""}]",0.6471367130825807,0.0006310638457729923,ok,,,,False,descriptive_only,9.1631111987789,ok,2020Q1..2025Q4,2020Q2..2026Q1
split_descriptive,late,memory,記憶體,2,23,1,[23],"[{""end_capex_quarter"":""2025Q3"",""end_revenue_quarter"":""2026Q1"",""start_capex_quarter"":""2020Q1"",""start_revenue_quarter"":""2020Q3""}]",0.4796262001290813,0.020562350709258295,ok,,,,False,descriptive_only,8.909589164090882,ok,2020Q1..2025Q3,2020Q3..2026Q1
split_descriptive,late,memory,記憶體,3,22,1,[22],"[{""end_capex_quarter"":""2025Q2"",""end_revenue_quarter"":""2026Q1"",""start_capex_quarter"":""2020Q1"",""start_revenue_quarter"":""2020Q4""}]",0.2963704933757651,0.18047957225444036,ok,,,,False,descriptive_only,8.75988773666362,ok,2020Q1..2025Q2,2020Q4..2026Q1
split_descriptive,late,memory,記憶體,4,21,1,[21],"[{""end_capex_quarter"":""2025Q1"",""end_revenue_quarter"":""2026Q1"",""start_capex_quarter"":""2020Q1"",""start_revenue_quarter"":""2021Q1""}]",0.14158238045891772,0.540418851380121,ok,,,,False,descriptive_only,8.578124417261334,ok,2020Q1..2025Q1,2021Q1..2026Q1
split_descriptive,late,memory,記憶體,5,20,1,[20],"[{""end_capex_quarter"":""2024Q4"",""end_revenue_quarter"":""2026Q1"",""start_capex_quarter"":""2020Q1"",""start_revenue_quarter"":""2021Q2""}]",0.07712176676233144,0.7465643223829509,ok,,,,False,descriptive_only,8.715508371055632,ok,2020Q1..2024Q4,2021Q2..2026Q1
split_descriptive,late,memory,記憶體,6,19,1,[19],"[{""end_capex_quarter"":""2024Q3"",""end_revenue_quarter"":""2026Q1"",""start_capex_quarter"":""2020Q1"",""start_revenue_quarter"":""2021Q3""}]",-0.027681973875102673,0.9104332085195656,ok,,,,False,descriptive_only,8.843198016191444,ok,2020Q1..2024Q3,2021Q3..2026Q1
split_descriptive,late,memory,記憶體,7,18,1,[18],"[{""end_capex_quarter"":""2024Q2"",""end_revenue_quarter"":""2026Q1"",""start_capex_quarter"":""2020Q1"",""start_revenue_quarter"":""2021Q4""}]",-0.10914571195958374,0.6663855184464494,ok,,,,False,descriptive_only,8.597568567963325,ok,2020Q1..2024Q2,2021Q4..2026Q1
split_descriptive,late,memory,記憶體,8,17,1,[17],"[{""end_capex_quarter"":""2024Q1"",""end_revenue_quarter"":""2026Q1"",""start_capex_quarter"":""2020Q1"",""start_revenue_quarter"":""2022Q1""}]",-0.3982467058263055,0.11336246834680527,ok,,,,False,descriptive_only,7.213500583759476,ok,2020Q1..2024Q1,2022Q1..2026Q1
split_descriptive,late,equipment,設備,0,25,1,[25],"[{""end_capex_quarter"":""2026Q1"",""end_revenue_quarter"":""2026Q1"",""start_capex_quarter"":""2020Q1"",""start_revenue_quarter"":""2020Q1""}]",0.1203766905998882,0.5665363008863019,ok,,,,False,descriptive_only,11.44437733137262,ok,2020Q1..2026Q1,2020Q1..2026Q1
split_descriptive,late,equipment,設備,1,24,1,[24],"[{""end_capex_quarter"":""2025Q4"",""end_revenue_quarter"":""2026Q1"",""start_capex_quarter"":""2020Q1"",""start_revenue_quarter"":""2020Q2""}]",0.39882542333575777,0.053544280633398264,ok,,,,False,descriptive_only,10.883875195530784,ok,2020Q1..2025Q4,2020Q2..2026Q1
split_descriptive,late,equipment,設備,2,23,1,[23],"[{""end_capex_quarter"":""2025Q3"",""end_revenue_quarter"":""2026Q1"",""start_capex_quarter"":""2020Q1"",""start_revenue_quarter"":""2020Q3""}]",0.46640386809120177,0.02487300065044435,ok,,,,False,descriptive_only,10.910426669332782,ok,2020Q1..2025Q3,2020Q3..2026Q1
split_descriptive,late,equipment,設備,3,22,1,[22],"[{""end_capex_quarter"":""2025Q2"",""end_revenue_quarter"":""2026Q1"",""start_capex_quarter"":""2020Q1"",""start_revenue_quarter"":""2020Q4""}]",0.32031591915796725,0.14613148143310098,ok,,,,False,descriptive_only,11.121698390584623,ok,2020Q1..2025Q2,2020Q4..2026Q1
split_descriptive,late,equipment,設備,4,21,1,[21],"[{""end_capex_quarter"":""2025Q1"",""end_revenue_quarter"":""2026Q1"",""start_capex_quarter"":""2020Q1"",""start_revenue_quarter"":""2021Q1""}]",0.29319555156962507,0.19708923039284784,ok,,,,False,descriptive_only,10.545185409014838,ok,2020Q1..2025Q1,2021Q1..2026Q1
split_descriptive,late,equipment,設備,5,20,1,[20],"[{""end_capex_quarter"":""2024Q4"",""end_revenue_quarter"":""2026Q1"",""start_capex_quarter"":""2020Q1"",""start_revenue_quarter"":""2021Q2""}]",0.03381438258931595,0.8874550652446939,ok,,,,False,descriptive_only,9.792133371724887,ok,2020Q1..2024Q4,2021Q2..2026Q1
split_descriptive,late,equipment,設備,6,19,1,[19],"[{""end_capex_quarter"":""2024Q3"",""end_revenue_quarter"":""2026Q1"",""start_capex_quarter"":""2020Q1"",""start_revenue_quarter"":""2021Q3""}]",-0.015847425663373566,0.9486586120460044,ok,,,,False,descriptive_only,9.475241213755313,ok,2020Q1..2024Q3,2021Q3..2026Q1
split_descriptive,late,equipment,設備,7,18,1,[18],"[{""end_capex_quarter"":""2024Q2"",""end_revenue_quarter"":""2026Q1"",""start_capex_quarter"":""2020Q1"",""start_revenue_quarter"":""2021Q4""}]",-0.008017002198368485,0.9748136361123233,ok,,,,False,descriptive_only,9.617866623757452,ok,2020Q1..2024Q2,2021Q4..2026Q1
split_descriptive,late,equipment,設備,8,17,1,[17],"[{""end_capex_quarter"":""2024Q1"",""end_revenue_quarter"":""2026Q1"",""start_capex_quarter"":""2020Q1"",""start_revenue_quarter"":""2022Q1""}]",-0.22458844077845072,0.38615159525550957,ok,,,,False,descriptive_only,11.112934593338691,ok,2020Q1..2024Q1,2022Q1..2026Q1
split_descriptive,late,materials,材料,0,25,1,[25],"[{""end_capex_quarter"":""2026Q1"",""end_revenue_quarter"":""2026Q1"",""start_capex_quarter"":""2020Q1"",""start_revenue_quarter"":""2020Q1""}]",-0.3754782749620743,0.06436902844146462,ok,,,,False,descriptive_only,7.411471727848177,ok,2020Q1..2026Q1,2020Q1..2026Q1
split_descriptive,late,materials,材料,1,24,1,[24],"[{""end_capex_quarter"":""2025Q4"",""end_revenue_quarter"":""2026Q1"",""start_capex_quarter"":""2020Q1"",""start_revenue_quarter"":""2020Q2""}]",-0.11833153402505549,0.5818406946987722,ok,,,,False,descriptive_only,6.993563764185007,ok,2020Q1..2025Q4,2020Q2..2026Q1
split_descriptive,late,materials,材料,2,23,1,[23],"[{""end_capex_quarter"":""2025Q3"",""end_revenue_quarter"":""2026Q1"",""start_capex_quarter"":""2020Q1"",""start_revenue_quarter"":""2020Q3""}]",0.09691408083745909,0.6600078662786594,ok,,,,False,descriptive_only,6.946457438109799,ok,2020Q1..2025Q3,2020Q3..2026Q1
split_descriptive,late,materials,材料,3,22,1,[22],"[{""end_capex_quarter"":""2025Q2"",""end_revenue_quarter"":""2026Q1"",""start_capex_quarter"":""2020Q1"",""start_revenue_quarter"":""2020Q4""}]",0.20746270982322168,0.3542275272337727,ok,,,,False,descriptive_only,7.025272902115196,ok,2020Q1..2025Q2,2020Q4..2026Q1
split_descriptive,late,materials,材料,4,21,1,[21],"[{""end_capex_quarter"":""2025Q1"",""end_revenue_quarter"":""2026Q1"",""start_capex_quarter"":""2020Q1"",""start_revenue_quarter"":""2021Q1""}]",0.27683974127910815,0.2244132060348305,ok,,,,False,descriptive_only,7.068653672133346,ok,2020Q1..2025Q1,2021Q1..2026Q1
split_descriptive,late,materials,材料,5,20,1,[20],"[{""end_capex_quarter"":""2024Q4"",""end_revenue_quarter"":""2026Q1"",""start_capex_quarter"":""2020Q1"",""start_revenue_quarter"":""2021Q2""}]",0.23080963933530071,0.3275536091527907,ok,,,,False,descriptive_only,7.003866446205818,ok,2020Q1..2024Q4,2021Q2..2026Q1
split_descriptive,late,materials,材料,6,19,1,[19],"[{""end_capex_quarter"":""2024Q3"",""end_revenue_quarter"":""2026Q1"",""start_capex_quarter"":""2020Q1"",""start_revenue_quarter"":""2021Q3""}]",0.2319623717031641,0.33928499270915496,ok,,,,False,descriptive_only,6.803839014094203,ok,2020Q1..2024Q3,2021Q3..2026Q1
split_descriptive,late,materials,材料,7,18,1,[18],"[{""end_capex_quarter"":""2024Q2"",""end_revenue_quarter"":""2026Q1"",""start_capex_quarter"":""2020Q1"",""start_revenue_quarter"":""2021Q4""}]",0.2909815166646067,0.24141093114713102,ok,,,,False,descriptive_only,6.596130861018765,ok,2020Q1..2024Q2,2021Q4..2026Q1
split_descriptive,late,materials,材料,8,17,1,[17],"[{""end_capex_quarter"":""2024Q1"",""end_revenue_quarter"":""2026Q1"",""start_capex_quarter"":""2020Q1"",""start_revenue_quarter"":""2022Q1""}]",0.323975001615129,0.20458730720315205,ok,,,,False,descriptive_only,5.901960519345334,ok,2020Q1..2024Q1,2022Q1..2026Q1
split_descriptive,late,power_cooling,電源散熱,0,25,1,[25],"[{""end_capex_quarter"":""2026Q1"",""end_revenue_quarter"":""2026Q1"",""start_capex_quarter"":""2020Q1"",""start_revenue_quarter"":""2020Q1""}]",0.5086518214705827,0.009419174123796926,ok,,,,False,descriptive_only,8.173311015674036,ok,2020Q1..2026Q1,2020Q1..2026Q1
split_descriptive,late,power_cooling,電源散熱,1,24,1,[24],"[{""end_capex_quarter"":""2025Q4"",""end_revenue_quarter"":""2026Q1"",""start_capex_quarter"":""2020Q1"",""start_revenue_quarter"":""2020Q2""}]",0.6257559754324247,0.0010737176322569643,ok,,,,False,descriptive_only,7.264572378248638,ok,2020Q1..2025Q4,2020Q2..2026Q1
split_descriptive,late,power_cooling,電源散熱,2,23,1,[23],"[{""end_capex_quarter"":""2025Q3"",""end_revenue_quarter"":""2026Q1"",""start_capex_quarter"":""2020Q1"",""start_revenue_quarter"":""2020Q3""}]",0.709479968279117,0.0001499889197278681,ok,,,,False,descriptive_only,6.561631239973244,ok,2020Q1..2025Q3,2020Q3..2026Q1
split_descriptive,late,power_cooling,電源散熱,3,22,1,[22],"[{""end_capex_quarter"":""2025Q2"",""end_revenue_quarter"":""2026Q1"",""start_capex_quarter"":""2020Q1"",""start_revenue_quarter"":""2020Q4""}]",0.7283944813200337,0.00012115632465836855,ok,,,,False,descriptive_only,6.209935056876007,ok,2020Q1..2025Q2,2020Q4..2026Q1
split_descriptive,late,power_cooling,電源散熱,4,21,1,[21],"[{""end_capex_quarter"":""2025Q1"",""end_revenue_quarter"":""2026Q1"",""start_capex_quarter"":""2020Q1"",""start_revenue_quarter"":""2021Q1""}]",0.720022794988196,0.000232895295834713,ok,,,,False,descriptive_only,6.11782440198269,ok,2020Q1..2025Q1,2021Q1..2026Q1
split_descriptive,late,power_cooling,電源散熱,5,20,1,[20],"[{""end_capex_quarter"":""2024Q4"",""end_revenue_quarter"":""2026Q1"",""start_capex_quarter"":""2020Q1"",""start_revenue_quarter"":""2021Q2""}]",0.6507551237993193,0.0018887775604372796,ok,,,,False,descriptive_only,5.995039221584892,ok,2020Q1..2024Q4,2021Q2..2026Q1
split_descriptive,late,power_cooling,電源散熱,6,19,1,[19],"[{""end_capex_quarter"":""2024Q3"",""end_revenue_quarter"":""2026Q1"",""start_capex_quarter"":""2020Q1"",""start_revenue_quarter"":""2021Q3""}]",0.38451671614329963,0.10405846642582334,ok,,,,False,descriptive_only,6.330550678617992,ok,2020Q1..2024Q3,2021Q3..2026Q1
split_descriptive,late,power_cooling,電源散熱,7,18,1,[18],"[{""end_capex_quarter"":""2024Q2"",""end_revenue_quarter"":""2026Q1"",""start_capex_quarter"":""2020Q1"",""start_revenue_quarter"":""2021Q4""}]",0.046937749867978724,0.8532725363953219,ok,,,,False,descriptive_only,6.31236089726135,ok,2020Q1..2024Q2,2021Q4..2026Q1
split_descriptive,late,power_cooling,電源散熱,8,17,1,[17],"[{""end_capex_quarter"":""2024Q1"",""end_revenue_quarter"":""2026Q1"",""start_capex_quarter"":""2020Q1"",""start_revenue_quarter"":""2022Q1""}]",-0.36440923388723995,0.15041752304358288,ok,,,,False,descriptive_only,5.267918746535256,ok,2020Q1..2024Q1,2022Q1..2026Q1
split_descriptive,late,facilities,廠務,0,25,1,[25],"[{""end_capex_quarter"":""2026Q1"",""end_revenue_quarter"":""2026Q1"",""start_capex_quarter"":""2020Q1"",""start_revenue_quarter"":""2020Q1""}]",-0.3107345662527662,0.13057393226901168,ok,,,,False,descriptive_only,11.134913413089533,ok,2020Q1..2026Q1,2020Q1..2026Q1
split_descriptive,late,facilities,廠務,1,24,1,[24],"[{""end_capex_quarter"":""2025Q4"",""end_revenue_quarter"":""2026Q1"",""start_capex_quarter"":""2020Q1"",""start_revenue_quarter"":""2020Q2""}]",-0.3922026074215717,0.05801635473945983,ok,,,,False,descriptive_only,11.029204068502752,ok,2020Q1..2025Q4,2020Q2..2026Q1
split_descriptive,late,facilities,廠務,2,23,1,[23],"[{""end_capex_quarter"":""2025Q3"",""end_revenue_quarter"":""2026Q1"",""start_capex_quarter"":""2020Q1"",""start_revenue_quarter"":""2020Q3""}]",-0.2983441399594632,0.1667422948071733,ok,,,,False,descriptive_only,10.919663215794749,ok,2020Q1..2025Q3,2020Q3..2026Q1
split_descriptive,late,facilities,廠務,3,22,1,[22],"[{""end_capex_quarter"":""2025Q2"",""end_revenue_quarter"":""2026Q1"",""start_capex_quarter"":""2020Q1"",""start_revenue_quarter"":""2020Q4""}]",-0.23606719519819488,0.29020977393009656,ok,,,,False,descriptive_only,10.67953831968393,ok,2020Q1..2025Q2,2020Q4..2026Q1
split_descriptive,late,facilities,廠務,4,21,1,[21],"[{""end_capex_quarter"":""2025Q1"",""end_revenue_quarter"":""2026Q1"",""start_capex_quarter"":""2020Q1"",""start_revenue_quarter"":""2021Q1""}]",0.049808481769221695,0.8302295974843834,ok,,,,False,descriptive_only,9.92752974260154,ok,2020Q1..2025Q1,2021Q1..2026Q1
split_descriptive,late,facilities,廠務,5,20,1,[20],"[{""end_capex_quarter"":""2024Q4"",""end_revenue_quarter"":""2026Q1"",""start_capex_quarter"":""2020Q1"",""start_revenue_quarter"":""2021Q2""}]",0.43043345741287703,0.05816345948150034,ok,,,,False,descriptive_only,9.551691419863142,ok,2020Q1..2024Q4,2021Q2..2026Q1
split_descriptive,late,facilities,廠務,6,19,1,[19],"[{""end_capex_quarter"":""2024Q3"",""end_revenue_quarter"":""2026Q1"",""start_capex_quarter"":""2020Q1"",""start_revenue_quarter"":""2021Q3""}]",0.5715891434314718,0.010567471577346171,ok,,,,False,descriptive_only,9.407895144513317,ok,2020Q1..2024Q3,2021Q3..2026Q1
split_descriptive,late,facilities,廠務,7,18,1,[18],"[{""end_capex_quarter"":""2024Q2"",""end_revenue_quarter"":""2026Q1"",""start_capex_quarter"":""2020Q1"",""start_revenue_quarter"":""2021Q4""}]",0.7446008853830287,0.0003933144172933999,ok,,,,False,descriptive_only,9.863348764260103,ok,2020Q1..2024Q2,2021Q4..2026Q1
split_descriptive,late,facilities,廠務,8,17,1,[17],"[{""end_capex_quarter"":""2024Q1"",""end_revenue_quarter"":""2026Q1"",""start_capex_quarter"":""2020Q1"",""start_revenue_quarter"":""2022Q1""}]",0.5674889449840927,0.017501659705745642,ok,,,,False,descriptive_only,10.620181364163383,ok,2020Q1..2024Q1,2022Q1..2026Q1
detrended_full,full,chip_design,晶片設計,0,29,1,[29],"[{""end_capex_quarter"":""2026Q1"",""end_revenue_quarter"":""2026Q1"",""start_capex_quarter"":""2019Q1"",""start_revenue_quarter"":""2019Q1""}]",0.17470441637470774,0.36470993716598926,ok,0.53128,"[-0.3656485295263636,0.7253097384163697]",1.0,False,ineligible,9.708053859024124,ok,2019Q1..2026Q1,2019Q1..2026Q1
detrended_full,full,chip_design,晶片設計,1,28,1,[28],"[{""end_capex_quarter"":""2025Q4"",""end_revenue_quarter"":""2026Q1"",""start_capex_quarter"":""2019Q1"",""start_revenue_quarter"":""2019Q2""}]",-0.10799402978983354,0.5843780119975489,ok,0.71176,"[-0.6334635731141963,0.7008452397621063]",1.0,False,ineligible,8.782025895211401,ok,2019Q1..2025Q4,2019Q2..2026Q1
detrended_full,full,chip_design,晶片設計,2,27,1,[27],"[{""end_capex_quarter"":""2025Q3"",""end_revenue_quarter"":""2026Q1"",""start_capex_quarter"":""2019Q1"",""start_revenue_quarter"":""2019Q3""}]",-0.33076297581041575,0.09195390770523672,ok,0.25391,"[-0.7840038540580694,0.632463521524242]",1.0,False,ineligible,8.353071339618774,ok,2019Q1..2025Q3,2019Q3..2026Q1
detrended_full,full,chip_design,晶片設計,3,26,1,[26],"[{""end_capex_quarter"":""2025Q2"",""end_revenue_quarter"":""2026Q1"",""start_capex_quarter"":""2019Q1"",""start_revenue_quarter"":""2019Q4""}]",-0.4497257449944811,0.021161041887783127,ok,0.11701,"[-0.80343416835066,0.38405905085394404]",1.0,False,ineligible,8.017058798533194,ok,2019Q1..2025Q2,2019Q4..2026Q1
detrended_full,full,chip_design,晶片設計,4,25,1,[25],"[{""end_capex_quarter"":""2025Q1"",""end_revenue_quarter"":""2026Q1"",""start_capex_quarter"":""2019Q1"",""start_revenue_quarter"":""2020Q1""}]",-0.4147806124525968,0.039241190326050286,ok,0.16367,"[-0.6579845714032468,0.26333219629869553]",1.0,False,ineligible,7.850833766726215,ok,2019Q1..2025Q1,2020Q1..2026Q1
detrended_full,full,chip_design,晶片設計,5,24,1,[24],"[{""end_capex_quarter"":""2024Q4"",""end_revenue_quarter"":""2026Q1"",""start_capex_quarter"":""2019Q1"",""start_revenue_quarter"":""2020Q2""}]",-0.3035381605520872,0.14932417851528001,ok,0.32691,"[-0.5095035704947443,0.17390669700610442]",1.0,False,ineligible,8.000129386806236,ok,2019Q1..2024Q4,2020Q2..2026Q1
detrended_full,full,chip_design,晶片設計,6,23,1,[23],"[{""end_capex_quarter"":""2024Q3"",""end_revenue_quarter"":""2026Q1"",""start_capex_quarter"":""2019Q1"",""start_revenue_quarter"":""2020Q3""}]",-0.2342183366376077,0.28206923781164495,ok,0.46111,"[-0.542283847076082,0.2383932685239734]",1.0,False,ineligible,8.611358746551021,ok,2019Q1..2024Q3,2020Q3..2026Q1
detrended_full,full,chip_design,晶片設計,7,22,1,[22],"[{""end_capex_quarter"":""2024Q2"",""end_revenue_quarter"":""2026Q1"",""start_capex_quarter"":""2019Q1"",""start_revenue_quarter"":""2020Q4""}]",-0.17744883444473808,0.42951294887658586,ok,0.5871,"[-0.6722660823782909,0.603067285001768]",1.0,False,ineligible,9.389533255037707,ok,2019Q1..2024Q2,2020Q4..2026Q1
detrended_full,full,chip_design,晶片設計,8,21,1,[21],"[{""end_capex_quarter"":""2024Q1"",""end_revenue_quarter"":""2026Q1"",""start_capex_quarter"":""2019Q1"",""start_revenue_quarter"":""2021Q1""}]",-0.11497972881433247,0.6196893109066622,ok,0.7403,"[-0.6142882182851732,0.7579182383996405]",1.0,False,ineligible,9.910642844719122,ok,2019Q1..2024Q1,2021Q1..2026Q1
detrended_full,full,foundry,晶圓代工/台積電對照,0,29,1,[29],"[{""end_capex_quarter"":""2026Q1"",""end_revenue_quarter"":""2026Q1"",""start_capex_quarter"":""2019Q1"",""start_revenue_quarter"":""2019Q1""}]",0.5606819121590871,0.0015577464600108571,ok,0.01935,"[-0.2498398664794691,0.8719905217974293]",1.0,False,ineligible,12.906983985637975,ok,2019Q1..2026Q1,2019Q1..2026Q1
detrended_full,full,foundry,晶圓代工/台積電對照,1,28,1,[28],"[{""end_capex_quarter"":""2025Q4"",""end_revenue_quarter"":""2026Q1"",""start_capex_quarter"":""2019Q1"",""start_revenue_quarter"":""2019Q2""}]",0.5342252055080229,0.003408021878037616,ok,0.03604,"[-0.5646252486534964,0.8178316779037408]",1.0,False,ineligible,10.96319677409036,ok,2019Q1..2025Q4,2019Q2..2026Q1
detrended_full,full,foundry,晶圓代工/台積電對照,2,27,1,[27],"[{""end_capex_quarter"":""2025Q3"",""end_revenue_quarter"":""2026Q1"",""start_capex_quarter"":""2019Q1"",""start_revenue_quarter"":""2019Q3""}]",0.4292633285972959,0.025455425209006555,ok,0.10947,"[-0.44870730030716766,0.6516140677256202]",1.0,False,ineligible,10.328075837916648,ok,2019Q1..2025Q3,2019Q3..2026Q1
detrended_full,full,foundry,晶圓代工/台積電對照,3,26,1,[26],"[{""end_capex_quarter"":""2025Q2"",""end_revenue_quarter"":""2026Q1"",""start_capex_quarter"":""2019Q1"",""start_revenue_quarter"":""2019Q4""}]",0.2613825851267593,0.19711741484866183,ok,0.35675,"[-0.3933729833872979,0.5042002830546387]",1.0,False,ineligible,10.016367883637805,ok,2019Q1..2025Q2,2019Q4..2026Q1
detrended_full,full,foundry,晶圓代工/台積電對照,4,25,1,[25],"[{""end_capex_quarter"":""2025Q1"",""end_revenue_quarter"":""2026Q1"",""start_capex_quarter"":""2019Q1"",""start_revenue_quarter"":""2020Q1""}]",0.06547422742524853,0.7558426433535694,ok,0.82554,"[-0.4474653726505575,0.4368296315759707]",1.0,False,ineligible,9.816589184792097,ok,2019Q1..2025Q1,2020Q1..2026Q1
detrended_full,full,foundry,晶圓代工/台積電對照,5,24,1,[24],"[{""end_capex_quarter"":""2024Q4"",""end_revenue_quarter"":""2026Q1"",""start_capex_quarter"":""2019Q1"",""start_revenue_quarter"":""2020Q2""}]",-0.025577632497155306,0.9055652483918416,ok,0.93288,"[-0.5550975843684474,0.5841868714006659]",1.0,False,ineligible,9.546848655553637,ok,2019Q1..2024Q4,2020Q2..2026Q1
detrended_full,full,foundry,晶圓代工/台積電對照,6,23,1,[23],"[{""end_capex_quarter"":""2024Q3"",""end_revenue_quarter"":""2026Q1"",""start_capex_quarter"":""2019Q1"",""start_revenue_quarter"":""2020Q3""}]",-0.10840356720947532,0.622473188059505,ok,0.72598,"[-0.7212221463255474,0.6146717586384768]",1.0,False,ineligible,10.127076959073772,ok,2019Q1..2024Q3,2020Q3..2026Q1
detrended_full,full,foundry,晶圓代工/台積電對照,7,22,1,[22],"[{""end_capex_quarter"":""2024Q2"",""end_revenue_quarter"":""2026Q1"",""start_capex_quarter"":""2019Q1"",""start_revenue_quarter"":""2020Q4""}]",-0.16505240784056618,0.4629290640691198,ok,0.60304,"[-0.6558501017983085,0.4300909305697069]",1.0,False,ineligible,11.120669005294292,ok,2019Q1..2024Q2,2020Q4..2026Q1
detrended_full,full,foundry,晶圓代工/台積電對照,8,21,1,[21],"[{""end_capex_quarter"":""2024Q1"",""end_revenue_quarter"":""2026Q1"",""start_capex_quarter"":""2019Q1"",""start_revenue_quarter"":""2021Q1""}]",-0.2233574093278473,0.3304305954269743,ok,0.49632,"[-0.6828447555548363,0.23294082461658178]",1.0,False,ineligible,12.10354042691581,ok,2019Q1..2024Q1,2021Q1..2026Q1
detrended_full,full,packaging,封測,0,27,1,[27],"[{""end_capex_quarter"":""2026Q1"",""end_revenue_quarter"":""2026Q1"",""start_capex_quarter"":""2019Q3"",""start_revenue_quarter"":""2019Q3""}]",0.6464724368213087,0.00026921348840456183,ok,0.0128,"[-0.08264922726558309,0.8611888880483827]",1.0,False,ineligible,8.096202382220572,ok,2019Q3..2026Q1,2019Q3..2026Q1
detrended_full,full,packaging,封測,1,27,1,[27],"[{""end_capex_quarter"":""2025Q4"",""end_revenue_quarter"":""2026Q1"",""start_capex_quarter"":""2019Q2"",""start_revenue_quarter"":""2019Q3""}]",0.7432244727980288,8.945616613325288e-06,ok,0.00198,"[0.2647533700040169,0.8701826733768792]",1.0,False,ineligible,7.861945645248774,ok,2019Q2..2025Q4,2019Q3..2026Q1
detrended_full,full,packaging,封測,2,27,1,[27],"[{""end_capex_quarter"":""2025Q3"",""end_revenue_quarter"":""2026Q1"",""start_capex_quarter"":""2019Q1"",""start_revenue_quarter"":""2019Q3""}]",0.5771934838774962,0.0016206598383536948,ok,0.0296,"[-0.16825677359189137,0.7321913716446945]",1.0,False,ineligible,7.849929064078724,ok,2019Q1..2025Q3,2019Q3..2026Q1
detrended_full,full,packaging,封測,3,26,1,[26],"[{""end_capex_quarter"":""2025Q2"",""end_revenue_quarter"":""2026Q1"",""start_capex_quarter"":""2019Q1"",""start_revenue_quarter"":""2019Q4""}]",0.6116890961083828,0.0008987848744730694,ok,0.02104,"[0.4276580161463062,0.7501337455398686]",1.0,False,ineligible,7.687884330570361,ok,2019Q1..2025Q2,2019Q4..2026Q1
detrended_full,full,packaging,封測,4,25,1,[25],"[{""end_capex_quarter"":""2025Q1"",""end_revenue_quarter"":""2026Q1"",""start_capex_quarter"":""2019Q1"",""start_revenue_quarter"":""2020Q1""}]",0.434179400268499,0.030111856703129252,ok,0.12215,"[0.1438048526383537,0.6208140300050028]",1.0,False,ineligible,7.6707267529878145,ok,2019Q1..2025Q1,2020Q1..2026Q1
detrended_full,full,packaging,封測,5,24,1,[24],"[{""end_capex_quarter"":""2024Q4"",""end_revenue_quarter"":""2026Q1"",""start_capex_quarter"":""2019Q1"",""start_revenue_quarter"":""2020Q2""}]",0.3517321593946361,0.09189393607035373,ok,0.23583,"[0.034322010704387014,0.6199812529846748]",1.0,False,ineligible,7.756921529042195,ok,2019Q1..2024Q4,2020Q2..2026Q1
detrended_full,full,packaging,封測,6,23,1,[23],"[{""end_capex_quarter"":""2024Q3"",""end_revenue_quarter"":""2026Q1"",""start_capex_quarter"":""2019Q1"",""start_revenue_quarter"":""2020Q3""}]",0.24436901489206234,0.26112354439280633,ok,0.44198,"[-0.20107857175203492,0.6155235236735283]",1.0,False,ineligible,7.840288915127003,ok,2019Q1..2024Q3,2020Q3..2026Q1
detrended_full,full,packaging,封測,7,22,1,[22],"[{""end_capex_quarter"":""2024Q2"",""end_revenue_quarter"":""2026Q1"",""start_capex_quarter"":""2019Q1"",""start_revenue_quarter"":""2020Q4""}]",0.001621275438054286,0.9942867659989945,ok,0.99642,"[-0.4363844151060018,0.5003250428197771]",1.0,False,ineligible,7.350005578582426,ok,2019Q1..2024Q2,2020Q4..2026Q1
detrended_full,full,packaging,封測,8,21,1,[21],"[{""end_capex_quarter"":""2024Q1"",""end_revenue_quarter"":""2026Q1"",""start_capex_quarter"":""2019Q1"",""start_revenue_quarter"":""2021Q1""}]",-0.2669267298791568,0.24212764736705034,ok,0.49075,"[-0.6879842245366941,0.29095814576531187]",1.0,False,ineligible,6.908697903424149,ok,2019Q1..2024Q1,2021Q1..2026Q1
detrended_full,full,memory,記憶體,0,29,1,[29],"[{""end_capex_quarter"":""2026Q1"",""end_revenue_quarter"":""2026Q1"",""start_capex_quarter"":""2019Q1"",""start_revenue_quarter"":""2019Q1""}]",0.7020439028706164,2.1914270170265114e-05,ok,0.00314,"[0.3645928211078949,0.8839016101335015]",1.0,False,ineligible,10.656704074473122,ok,2019Q1..2026Q1,2019Q1..2026Q1
detrended_full,full,memory,記憶體,1,28,1,[28],"[{""end_capex_quarter"":""2025Q4"",""end_revenue_quarter"":""2026Q1"",""start_capex_quarter"":""2019Q1"",""start_revenue_quarter"":""2019Q2""}]",0.5341537451212143,0.00341313135910092,ok,0.03278,"[0.10871713854068511,0.7761440994337541]",1.0,False,ineligible,10.093939300520129,ok,2019Q1..2025Q4,2019Q2..2026Q1
detrended_full,full,memory,記憶體,2,27,1,[27],"[{""end_capex_quarter"":""2025Q3"",""end_revenue_quarter"":""2026Q1"",""start_capex_quarter"":""2019Q1"",""start_revenue_quarter"":""2019Q3""}]",0.36987698666555485,0.05756891306005625,ok,0.14948,"[-0.01822861096502928,0.7080150003061728]",1.0,False,ineligible,9.977652313920279,ok,2019Q1..2025Q3,2019Q3..2026Q1
detrended_full,full,memory,記憶體,3,26,1,[26],"[{""end_capex_quarter"":""2025Q2"",""end_revenue_quarter"":""2026Q1"",""start_capex_quarter"":""2019Q1"",""start_revenue_quarter"":""2019Q4""}]",0.20305609015806875,0.3197945318296869,ok,0.45404,"[-0.209333119217349,0.6291122006729902]",1.0,False,ineligible,9.812962556522134,ok,2019Q1..2025Q2,2019Q4..2026Q1
detrended_full,full,memory,記憶體,4,25,1,[25],"[{""end_capex_quarter"":""2025Q1"",""end_revenue_quarter"":""2026Q1"",""start_capex_quarter"":""2019Q1"",""start_revenue_quarter"":""2020Q1""}]",0.07487235892535878,0.7220684379899526,ok,0.80214,"[-0.40542162019380173,0.5208426309016235]",1.0,False,ineligible,9.571057378290083,ok,2019Q1..2025Q1,2020Q1..2026Q1
detrended_full,full,memory,記憶體,5,24,1,[24],"[{""end_capex_quarter"":""2024Q4"",""end_revenue_quarter"":""2026Q1"",""start_capex_quarter"":""2019Q1"",""start_revenue_quarter"":""2020Q2""}]",0.01742285466063134,0.9355982094531026,ok,0.95545,"[-0.518839524680066,0.38788549166904035]",1.0,False,ineligible,9.530255195850117,ok,2019Q1..2024Q4,2020Q2..2026Q1
detrended_full,full,memory,記憶體,6,23,1,[23],"[{""end_capex_quarter"":""2024Q3"",""end_revenue_quarter"":""2026Q1"",""start_capex_quarter"":""2019Q1"",""start_revenue_quarter"":""2020Q3""}]",-0.04768595486772001,0.8289387822237491,ok,0.88377,"[-0.5459183666878232,0.4021149556430306]",1.0,False,ineligible,9.66750855873071,ok,2019Q1..2024Q3,2020Q3..2026Q1
detrended_full,full,memory,記憶體,7,22,1,[22],"[{""end_capex_quarter"":""2024Q2"",""end_revenue_quarter"":""2026Q1"",""start_capex_quarter"":""2019Q1"",""start_revenue_quarter"":""2020Q4""}]",-0.07719598052629165,0.7327603785332767,ok,0.81672,"[-0.5568776273144183,0.6379505214309342]",1.0,False,ineligible,9.850256919890297,ok,2019Q1..2024Q2,2020Q4..2026Q1
detrended_full,full,memory,記憶體,8,21,1,[21],"[{""end_capex_quarter"":""2024Q1"",""end_revenue_quarter"":""2026Q1"",""start_capex_quarter"":""2019Q1"",""start_revenue_quarter"":""2021Q1""}]",-0.2774318413592244,0.22338282579301866,ok,0.42473,"[-0.6721938859625628,0.500432143818639]",1.0,False,ineligible,9.760021092752007,ok,2019Q1..2024Q1,2021Q1..2026Q1
detrended_full,full,equipment,設備,0,29,1,[29],"[{""end_capex_quarter"":""2026Q1"",""end_revenue_quarter"":""2026Q1"",""start_capex_quarter"":""2019Q1"",""start_revenue_quarter"":""2019Q1""}]",0.30431204037729614,0.10849025904752213,ok,0.20676,"[-0.007751933023565151,0.5706126832852012]",1.0,False,ineligible,13.823260875852426,ok,2019Q1..2026Q1,2019Q1..2026Q1
detrended_full,full,equipment,設備,1,28,1,[28],"[{""end_capex_quarter"":""2025Q4"",""end_revenue_quarter"":""2026Q1"",""start_capex_quarter"":""2019Q1"",""start_revenue_quarter"":""2019Q2""}]",0.6565547857330671,0.00014798763516518044,ok,0.00124,"[0.4615509414983331,0.8106331135906207]",1.0,False,ineligible,14.424919227191731,ok,2019Q1..2025Q4,2019Q2..2026Q1
detrended_full,full,equipment,設備,2,27,1,[27],"[{""end_capex_quarter"":""2025Q3"",""end_revenue_quarter"":""2026Q1"",""start_capex_quarter"":""2019Q1"",""start_revenue_quarter"":""2019Q3""}]",0.6708307563803736,0.0001283752261162825,ok,0.00181,"[0.37171202197049713,0.8476302350550163]",1.0,False,ineligible,15.189695873700185,ok,2019Q1..2025Q3,2019Q3..2026Q1
detrended_full,full,equipment,設備,3,26,1,[26],"[{""end_capex_quarter"":""2025Q2"",""end_revenue_quarter"":""2026Q1"",""start_capex_quarter"":""2019Q1"",""start_revenue_quarter"":""2019Q4""}]",0.42211779586784076,0.03170755638623623,ok,0.08619,"[-0.23731570655968046,0.6983767177597661]",1.0,False,ineligible,15.32369526452659,ok,2019Q1..2025Q2,2019Q4..2026Q1
detrended_full,full,equipment,設備,4,25,1,[25],"[{""end_capex_quarter"":""2025Q1"",""end_revenue_quarter"":""2026Q1"",""start_capex_quarter"":""2019Q1"",""start_revenue_quarter"":""2020Q1""}]",0.4164164870379387,0.038395564650053615,ok,0.10105,"[0.08553847559379688,0.6526138123019318]",1.0,False,ineligible,13.66656703170533,ok,2019Q1..2025Q1,2020Q1..2026Q1
detrended_full,full,equipment,設備,5,24,1,[24],"[{""end_capex_quarter"":""2024Q4"",""end_revenue_quarter"":""2026Q1"",""start_capex_quarter"":""2019Q1"",""start_revenue_quarter"":""2020Q2""}]",-0.02780873011089041,0.8973685461136693,ok,0.91799,"[-0.5928911457399455,0.26221009832726]",1.0,False,ineligible,13.175080764189099,ok,2019Q1..2024Q4,2020Q2..2026Q1
detrended_full,full,equipment,設備,6,23,1,[23],"[{""end_capex_quarter"":""2024Q3"",""end_revenue_quarter"":""2026Q1"",""start_capex_quarter"":""2019Q1"",""start_revenue_quarter"":""2020Q3""}]",-0.05844632814023897,0.7910913761827258,ok,0.83627,"[-0.4243515868735137,0.36372895924744897]",1.0,False,ineligible,13.052802084380476,ok,2019Q1..2024Q3,2020Q3..2026Q1
detrended_full,full,equipment,設備,7,22,1,[22],"[{""end_capex_quarter"":""2024Q2"",""end_revenue_quarter"":""2026Q1"",""start_capex_quarter"":""2019Q1"",""start_revenue_quarter"":""2020Q4""}]",-0.09136634025779145,0.6859343064191712,ok,0.75538,"[-0.5056360180294907,0.4353378238748047]",1.0,False,ineligible,13.537317246339427,ok,2019Q1..2024Q2,2020Q4..2026Q1
detrended_full,full,equipment,設備,8,21,1,[21],"[{""end_capex_quarter"":""2024Q1"",""end_revenue_quarter"":""2026Q1"",""start_capex_quarter"":""2019Q1"",""start_revenue_quarter"":""2021Q1""}]",-0.2950782624870592,0.19409458665198254,ok,0.35808,"[-0.5866355692208403,0.1046621512001746]",1.0,False,ineligible,12.144362313559178,ok,2019Q1..2024Q1,2021Q1..2026Q1
detrended_full,full,materials,材料,0,29,1,[29],"[{""end_capex_quarter"":""2026Q1"",""end_revenue_quarter"":""2026Q1"",""start_capex_quarter"":""2019Q1"",""start_revenue_quarter"":""2019Q1""}]",-0.18977910128466624,0.32411537650049105,ok,0.54909,"[-0.4106227212001627,0.4994072177473833]",1.0,False,ineligible,7.423058656738432,ok,2019Q1..2026Q1,2019Q1..2026Q1
detrended_full,full,materials,材料,1,28,1,[28],"[{""end_capex_quarter"":""2025Q4"",""end_revenue_quarter"":""2026Q1"",""start_capex_quarter"":""2019Q1"",""start_revenue_quarter"":""2019Q2""}]",0.03409626875440161,0.8632453202830871,ok,0.91746,"[-0.235603566743996,0.5365945349191159]",1.0,False,ineligible,7.280156704138169,ok,2019Q1..2025Q4,2019Q2..2026Q1
detrended_full,full,materials,材料,2,27,1,[27],"[{""end_capex_quarter"":""2025Q3"",""end_revenue_quarter"":""2026Q1"",""start_capex_quarter"":""2019Q1"",""start_revenue_quarter"":""2019Q3""}]",0.23022857272079916,0.24796866516962346,ok,0.47437,"[-0.08238552204644121,0.6486716761281398]",1.0,False,ineligible,7.452266845672877,ok,2019Q1..2025Q3,2019Q3..2026Q1
detrended_full,full,materials,材料,3,26,1,[26],"[{""end_capex_quarter"":""2025Q2"",""end_revenue_quarter"":""2026Q1"",""start_capex_quarter"":""2019Q1"",""start_revenue_quarter"":""2019Q4""}]",0.3563086175964302,0.07399657138351327,ok,0.25846,"[0.012942139079348419,0.7768435241700817]",1.0,False,ineligible,7.724637795859541,ok,2019Q1..2025Q2,2019Q4..2026Q1
detrended_full,full,materials,材料,4,25,1,[25],"[{""end_capex_quarter"":""2025Q1"",""end_revenue_quarter"":""2026Q1"",""start_capex_quarter"":""2019Q1"",""start_revenue_quarter"":""2020Q1""}]",0.4374884090235137,0.028740444530656682,ok,0.1618,"[0.07544888941152272,0.8000960199844346]",1.0,False,ineligible,7.742346585612211,ok,2019Q1..2025Q1,2020Q1..2026Q1
detrended_full,full,materials,材料,5,24,1,[24],"[{""end_capex_quarter"":""2024Q4"",""end_revenue_quarter"":""2026Q1"",""start_capex_quarter"":""2019Q1"",""start_revenue_quarter"":""2020Q2""}]",0.38801934618551315,0.06098632760603449,ok,0.22575,"[-0.08670542112394831,0.7078983611813863]",1.0,False,ineligible,7.839921475084503,ok,2019Q1..2024Q4,2020Q2..2026Q1
detrended_full,full,materials,材料,6,23,1,[23],"[{""end_capex_quarter"":""2024Q3"",""end_revenue_quarter"":""2026Q1"",""start_capex_quarter"":""2019Q1"",""start_revenue_quarter"":""2020Q3""}]",0.3571680550723271,0.0943068607418451,ok,0.28071,"[-0.2796931675272521,0.7295870478407491]",1.0,False,ineligible,8.000024006141896,ok,2019Q1..2024Q3,2020Q3..2026Q1
detrended_full,full,materials,材料,7,22,1,[22],"[{""end_capex_quarter"":""2024Q2"",""end_revenue_quarter"":""2026Q1"",""start_capex_quarter"":""2019Q1"",""start_revenue_quarter"":""2020Q4""}]",0.36981300563745695,0.09026743305001152,ok,0.28131,"[-0.3517887855043031,0.7910252234679286]",1.0,False,ineligible,7.837253243386625,ok,2019Q1..2024Q2,2020Q4..2026Q1
detrended_full,full,materials,材料,8,21,1,[21],"[{""end_capex_quarter"":""2024Q1"",""end_revenue_quarter"":""2026Q1"",""start_capex_quarter"":""2019Q1"",""start_revenue_quarter"":""2021Q1""}]",0.31517418426643845,0.16403149365647687,ok,0.39501,"[-0.3578299099569926,0.6495760167709176]",1.0,False,ineligible,7.333929950264847,ok,2019Q1..2024Q1,2021Q1..2026Q1
detrended_full,full,power_cooling,電源散熱,0,29,1,[29],"[{""end_capex_quarter"":""2026Q1"",""end_revenue_quarter"":""2026Q1"",""start_capex_quarter"":""2019Q1"",""start_revenue_quarter"":""2019Q1""}]",0.3725263340420135,0.046573053060864456,ok,0.16124,"[0.0526253147165663,0.5757381554150983]",1.0,False,ineligible,9.734500166919057,ok,2019Q1..2026Q1,2019Q1..2026Q1
detrended_full,full,power_cooling,電源散熱,1,28,1,[28],"[{""end_capex_quarter"":""2025Q4"",""end_revenue_quarter"":""2026Q1"",""start_capex_quarter"":""2019Q1"",""start_revenue_quarter"":""2019Q2""}]",0.5058792167537643,0.006024902522034284,ok,0.06819,"[-0.025035474437865652,0.6788174612962018]",1.0,False,ineligible,9.062921604263192,ok,2019Q1..2025Q4,2019Q2..2026Q1
detrended_full,full,power_cooling,電源散熱,2,27,1,[27],"[{""end_capex_quarter"":""2025Q3"",""end_revenue_quarter"":""2026Q1"",""start_capex_quarter"":""2019Q1"",""start_revenue_quarter"":""2019Q3""}]",0.6579103734903666,0.0001916959228332532,ok,0.01139,"[0.08438118443900845,0.803944121167177]",1.0,False,ineligible,8.139035860102867,ok,2019Q1..2025Q3,2019Q3..2026Q1
detrended_full,full,power_cooling,電源散熱,3,26,1,[26],"[{""end_capex_quarter"":""2025Q2"",""end_revenue_quarter"":""2026Q1"",""start_capex_quarter"":""2019Q1"",""start_revenue_quarter"":""2019Q4""}]",0.6901376931997728,9.563537552502865e-05,ok,0.00648,"[-0.09961036213719593,0.9002310101424222]",1.0,False,ineligible,7.833304316756415,ok,2019Q1..2025Q2,2019Q4..2026Q1
detrended_full,full,power_cooling,電源散熱,4,25,1,[25],"[{""end_capex_quarter"":""2025Q1"",""end_revenue_quarter"":""2026Q1"",""start_capex_quarter"":""2019Q1"",""start_revenue_quarter"":""2020Q1""}]",0.688248628817495,0.0001429836507249883,ok,0.00747,"[0.10799144720842474,0.8525095906045906]",1.0,False,ineligible,7.79848014831033,ok,2019Q1..2025Q1,2020Q1..2026Q1
detrended_full,full,power_cooling,電源散熱,5,24,1,[24],"[{""end_capex_quarter"":""2024Q4"",""end_revenue_quarter"":""2026Q1"",""start_capex_quarter"":""2019Q1"",""start_revenue_quarter"":""2020Q2""}]",0.587840675536613,0.002521005251501916,ok,0.03553,"[0.07475233627689506,0.7668450621827397]",1.0,False,ineligible,7.873404089281971,ok,2019Q1..2024Q4,2020Q2..2026Q1
detrended_full,full,power_cooling,電源散熱,6,23,1,[23],"[{""end_capex_quarter"":""2024Q3"",""end_revenue_quarter"":""2026Q1"",""start_capex_quarter"":""2019Q1"",""start_revenue_quarter"":""2020Q3""}]",0.42112889814271526,0.04536916744001252,ok,0.18732,"[0.09625642542184981,0.6658667769903385]",1.0,False,ineligible,7.909724808628583,ok,2019Q1..2024Q3,2020Q3..2026Q1
detrended_full,full,power_cooling,電源散熱,7,22,1,[22],"[{""end_capex_quarter"":""2024Q2"",""end_revenue_quarter"":""2026Q1"",""start_capex_quarter"":""2019Q1"",""start_revenue_quarter"":""2020Q4""}]",0.15065514548072254,0.5033530021769458,ok,0.67557,"[-0.1658809670472323,0.6292827590514645]",1.0,False,ineligible,7.856142117206863,ok,2019Q1..2024Q2,2020Q4..2026Q1
detrended_full,full,power_cooling,電源散熱,8,21,1,[21],"[{""end_capex_quarter"":""2024Q1"",""end_revenue_quarter"":""2026Q1"",""start_capex_quarter"":""2019Q1"",""start_revenue_quarter"":""2021Q1""}]",-0.1798352395153434,0.4353688039981543,ok,0.63957,"[-0.528822120197367,0.5859804263371471]",1.0,False,ineligible,7.505293698428202,ok,2019Q1..2024Q1,2021Q1..2026Q1
detrended_full,full,facilities,廠務,0,29,1,[29],"[{""end_capex_quarter"":""2026Q1"",""end_revenue_quarter"":""2026Q1"",""start_capex_quarter"":""2019Q1"",""start_revenue_quarter"":""2019Q1""}]",-0.3392990038448274,0.07175768248221889,ok,0.17615,"[-0.5369064971973379,-0.02843022064293815]",1.0,False,ineligible,13.469128351091571,ok,2019Q1..2026Q1,2019Q1..2026Q1
detrended_full,full,facilities,廠務,1,28,1,[28],"[{""end_capex_quarter"":""2025Q4"",""end_revenue_quarter"":""2026Q1"",""start_capex_quarter"":""2019Q1"",""start_revenue_quarter"":""2019Q2""}]",-0.2745778743011757,0.15735156015609827,ok,0.29712,"[-0.5426394762511287,0.15382296571324677]",1.0,False,ineligible,12.655106655547305,ok,2019Q1..2025Q4,2019Q2..2026Q1
detrended_full,full,facilities,廠務,2,27,1,[27],"[{""end_capex_quarter"":""2025Q3"",""end_revenue_quarter"":""2026Q1"",""start_capex_quarter"":""2019Q1"",""start_revenue_quarter"":""2019Q3""}]",-0.1884796798538564,0.3464474202202591,ok,0.49523,"[-0.5988733982992681,0.3345815433064703]",1.0,False,ineligible,12.096697277886163,ok,2019Q1..2025Q3,2019Q3..2026Q1
detrended_full,full,facilities,廠務,3,26,1,[26],"[{""end_capex_quarter"":""2025Q2"",""end_revenue_quarter"":""2026Q1"",""start_capex_quarter"":""2019Q1"",""start_revenue_quarter"":""2019Q4""}]",-0.1420228724877758,0.4888856182972677,ok,0.61459,"[-0.505064874502656,0.19155488868527906]",1.0,False,ineligible,11.764114475967363,ok,2019Q1..2025Q2,2019Q4..2026Q1
detrended_full,full,facilities,廠務,4,25,1,[25],"[{""end_capex_quarter"":""2025Q1"",""end_revenue_quarter"":""2026Q1"",""start_capex_quarter"":""2019Q1"",""start_revenue_quarter"":""2020Q1""}]",0.1866751419089004,0.3715997876867035,ok,0.51703,"[-0.184894827693726,0.6268708090174897]",1.0,False,ineligible,10.674184981456616,ok,2019Q1..2025Q1,2020Q1..2026Q1
detrended_full,full,facilities,廠務,5,24,1,[24],"[{""end_capex_quarter"":""2024Q4"",""end_revenue_quarter"":""2026Q1"",""start_capex_quarter"":""2019Q1"",""start_revenue_quarter"":""2020Q2""}]",0.496490348750053,0.01359403104533427,ok,0.05702,"[0.166573524891912,0.7847936087791523]",1.0,False,ineligible,11.374490775874381,ok,2019Q1..2024Q4,2020Q2..2026Q1
detrended_full,full,facilities,廠務,6,23,1,[23],"[{""end_capex_quarter"":""2024Q3"",""end_revenue_quarter"":""2026Q1"",""start_capex_quarter"":""2019Q1"",""start_revenue_quarter"":""2020Q3""}]",0.583156620193734,0.003493407699743468,ok,0.02323,"[-0.059164043700145004,0.7733060439707038]",1.0,False,ineligible,12.048150366499739,ok,2019Q1..2024Q3,2020Q3..2026Q1
detrended_full,full,facilities,廠務,7,22,1,[22],"[{""end_capex_quarter"":""2024Q2"",""end_revenue_quarter"":""2026Q1"",""start_capex_quarter"":""2019Q1"",""start_revenue_quarter"":""2020Q4""}]",0.7445926511853699,7.057153278559318e-05,ok,0.00236,"[0.335709480639023,0.8550553862217097]",1.0,False,ineligible,12.4386794255626,ok,2019Q1..2024Q2,2020Q4..2026Q1
detrended_full,full,facilities,廠務,8,21,1,[21],"[{""end_capex_quarter"":""2024Q1"",""end_revenue_quarter"":""2026Q1"",""start_capex_quarter"":""2019Q1"",""start_revenue_quarter"":""2021Q1""}]",0.5221658459126476,0.01517558348477404,ok,0.08471,"[-0.24251122306640838,0.7089555932754584]",1.0,False,ineligible,11.195294886859902,ok,2019Q1..2024Q1,2021Q1..2026Q1
