period,side,stock,signal_date,entry,exit,exit_reason,return,hold_days,false_signal
樣本內 2010–2017 (定參),left,2603長榮,2011-12-18,2011-12-18@29.909653;2012-03-25@42.563738;2012-06-24@32.419554;2012-09-23@35.034035,2016-05-22@23.007426(profit_exit);2016-08-21@25.09901(profit_exit_batch);2016-11-20@25.203589(profit_exit_batch),profit_exit,-0.2921,1799,False
樣本內 2010–2017 (定參),left,2609陽明,2015-12-13,2015-12-13@16.954797,2015-12-20@17.538699(wrong_exit),wrong_exit,0.0305,7,True
樣本內 2010–2017 (定參),left,2609陽明,2016-01-17,2016-01-17@16.457398,2016-01-24@16.716911(wrong_exit),wrong_exit,0.0119,7,True
樣本內 2010–2017 (定參),left,2615萬海,2011-08-14,2011-08-14@15.5,2011-08-21@15.75(wrong_exit),wrong_exit,0.0122,7,True
樣本內 2010–2017 (定參),left,2615萬海,2011-11-20,2011-11-20@13.9,2011-11-27@12.85(wrong_exit),wrong_exit,-0.0791,7,True
樣本內 2010–2017 (定參),left,2615萬海,2012-05-20,2012-05-20@13.4;2012-08-19@16.55;2012-11-18@13.95;2013-02-24@16.5,2017-12-31@19.25(period_end),period_end,0.2816,2051,False
樣本內 2010–2017 (定參),right,2603長榮,2013-11-17,2013-11-17@35.347772;2014-02-16@36.811881;2014-05-18@36.393564,2016-05-22@23.007426(profit_exit);2016-08-21@25.09901(profit_exit_batch);2016-11-20@25.203589(profit_exit_batch),profit_exit,-0.3271,1099,False
樣本內 2010–2017 (定參),right,2603長榮,2017-09-03,2017-09-03@46.851485;2017-12-03@35.347772,2017-12-31@34.197401(period_end),period_end,-0.1546,119,False
樣本內 2010–2017 (定參),right,2609陽明,2010-05-16,2010-05-16@28.654472;2010-08-15@48.009756;2010-11-14@48.550407,2011-06-05@51.253659(profit_exit);2011-09-04@35.682927(profit_exit_batch);2011-12-04@25.302439(profit_exit_batch),profit_exit,-0.0518,567,False
樣本內 2010–2017 (定參),right,2609陽明,2013-03-03,2013-03-03@31.141463;2013-06-02@27.681301,2013-07-07@26.49187(profit_exit);2013-10-06@29.843902(profit_exit_batch);2014-01-05@29.411382(profit_exit_batch),profit_exit,-0.0286,308,False
樣本內 2010–2017 (定參),right,2609陽明,2014-03-02,2014-03-02@28.113821;2014-06-01@27.465041;2014-08-31@29.086992,2016-09-11@15.440976(profit_exit);2016-12-11@10.85626(profit_exit_batch);2017-03-19@15.289593(profit_exit_batch),profit_exit,-0.5104,1113,False
樣本內 2010–2017 (定參),right,2609陽明,2017-09-03,2017-09-03@16.45;2017-12-03@12.0,2017-12-31@11.5(period_end),period_end,-0.1745,119,False
樣本內 2010–2017 (定參),right,2615萬海,2010-05-16,2010-05-16@18.95;2010-08-15@21.7;2010-11-14@22.0,2011-04-03@20.25(profit_exit);2011-07-03@21.8(profit_exit_batch);2011-10-02@14.5(profit_exit_batch),profit_exit,-0.0968,504,False
樣本內 2010–2017 (定參),right,2615萬海,2013-11-17,2013-11-17@15.3;2014-02-16@14.8;2014-05-18@15.0,2017-12-31@19.25(period_end),period_end,0.2758,1505,False
樣本外 2018–2026 (驗證),left,2603長榮,2020-03-22,2020-03-22@20.079208,2020-04-05@19.033416(wrong_exit),wrong_exit,-0.0557,14,True
樣本外 2018–2026 (驗證),left,2603長榮,2020-06-14,2020-06-14@22.693688,2020-06-21@22.589109(wrong_exit),wrong_exit,-0.0084,7,True
樣本外 2018–2026 (驗證),left,2603長榮,2023-01-08,2023-01-08@159.0,2023-04-02@158.5(wrong_exit),wrong_exit,-0.007,84,True
樣本外 2018–2026 (驗證),left,2603長榮,2023-07-30,2023-07-30@107.5,2023-08-06@109.0(wrong_exit),wrong_exit,0.0101,7,True
樣本外 2018–2026 (驗證),left,2609陽明,2020-03-22,2020-03-22@5.02;2020-06-21@6.59;2020-09-20@9.88;2020-12-20@17.25,2022-10-23@61.0(profit_exit);2023-01-29@62.0(profit_exit_batch);2023-04-30@63.1(profit_exit_batch),profit_exit,6.8809,1134,False
樣本外 2018–2026 (驗證),left,2609陽明,2023-07-30,2023-07-30@47.75,2023-08-06@47.15(wrong_exit),wrong_exit,-0.0164,7,True
樣本外 2018–2026 (驗證),left,2615萬海,2019-01-13,2019-01-13@15.8;2019-04-14@16.15;2019-07-14@19.0;2019-10-13@17.8,2022-10-23@66.5(profit_exit);2023-01-29@73.6(profit_exit_batch);2023-04-30@65.0(profit_exit_batch),profit_exit,2.9844,1568,False
樣本外 2018–2026 (驗證),left,2615萬海,2023-07-30,2023-07-30@51.8,2023-08-06@51.6(wrong_exit),wrong_exit,-0.0077,7,True
樣本外 2018–2026 (驗證),right,2603長榮,2018-03-04,2018-03-04@32.524134;2018-06-03@31.164604,2018-06-24@29.491337(profit_exit);2018-09-23@26.667698(profit_exit_batch);2018-12-23@25.203589(profit_exit_batch),profit_exit,-0.1512,294,False
樣本外 2018–2026 (驗證),right,2603長榮,2019-08-25,2019-08-25@26.981436;2019-11-24@25.935644;2020-02-23@24.576114,2023-04-02@158.5(profit_exit);2023-07-02@93.5(profit_exit_batch);2023-10-01@116.0(profit_exit_batch),profit_exit,3.7375,1498,False
樣本外 2018–2026 (驗證),right,2603長榮,2025-02-23,2025-02-23@213.0,2025-03-30@223.5(period_end),period_end,0.0453,35,False
樣本外 2018–2026 (驗證),right,2609陽明,2018-03-04,2018-03-04@11.05;2018-06-03@9.49,2018-06-24@9.47(profit_exit);2018-09-23@8.72(profit_exit_batch);2018-12-23@8.99(profit_exit_batch),profit_exit,-0.1161,294,False
樣本外 2018–2026 (驗證),right,2609陽明,2021-02-28,2021-02-28@29.0;2021-05-30@108.0;2021-08-29@137.0,2022-10-23@61.0(profit_exit);2023-01-29@62.0(profit_exit_batch);2023-04-30@63.1(profit_exit_batch),profit_exit,0.0514,791,False
樣本外 2018–2026 (驗證),right,2609陽明,2025-02-23,2025-02-23@71.4,2025-03-30@75.2(period_end),period_end,0.0492,35,False
樣本外 2018–2026 (驗證),right,2615萬海,2018-03-04,2018-03-04@18.05;2018-06-03@16.7,2018-06-24@16.55(profit_exit);2018-09-23@16.7(profit_exit_batch);2018-12-23@15.85(profit_exit_batch),profit_exit,-0.0602,294,False
樣本外 2018–2026 (驗證),right,2615萬海,2019-07-07,2019-07-07@19.25;2019-10-06@17.7;2020-01-05@18.6,2022-10-23@66.5(profit_exit);2023-01-29@73.6(profit_exit_batch);2023-04-30@65.0(profit_exit_batch),profit_exit,2.6823,1393,False
樣本外 2018–2026 (驗證),right,2615萬海,2025-02-23,2025-02-23@84.0,2025-03-30@82.2(period_end),period_end,-0.0252,35,False
